task_name,s_time,e_time,diff_time,seconds
LOAD,2014-11-18 09:05:58.006023,2014-11-18 09:21:34.420511,00:15:36.414488,936.414488
PERF.POWER.RF1,2014-11-18 09:21:36.890882,2014-11-18 09:21:53.63463,00:00:16.743748,16.743748
PERF.POWER.Q14,2014-11-18 09:21:53.64941,2014-11-18 09:22:06.79948,00:00:13.15007,13.15007
PERF.POWER.Q2,2014-11-18 09:22:06.817672,2014-11-18 09:22:12.880842,00:00:06.06317,6.06317
PERF.POWER.Q9,2014-11-18 09:22:12.898289,2014-11-18 09:23:28.631646,00:01:15.733357,75.733357
PERF.POWER.Q20,2014-11-18 09:23:28.648466,2014-11-18 09:23:42.667031,00:00:14.018565,14.018565
PERF.POWER.Q6,2014-11-18 09:23:42.683559,2014-11-18 09:24:03.788604,00:00:21.105045,21.105045
PERF.POWER.Q17,2014-11-18 09:24:03.801828,2014-11-18 09:24:04.272589,00:00:00.470761,0.470761
PERF.POWER.Q18,2014-11-18 09:24:04.290332,2014-11-18 09:24:56.54296,00:00:52.252628,52.252628
PERF.POWER.Q8,2014-11-18 09:24:56.55855,2014-11-18 09:25:08.355435,00:00:11.796885,11.796885
PERF.POWER.Q21,2014-11-18 09:25:08.371138,2014-11-18 09:26:18.350424,00:01:09.979286,69.979286
PERF.POWER.Q13,2014-11-18 09:26:18.370095,2014-11-18 09:26:50.741814,00:00:32.371719,32.371719
PERF.POWER.Q3,2014-11-18 09:26:50.763241,2014-11-18 09:27:27.116978,00:00:36.353737,36.353737
PERF.POWER.Q22,2014-11-18 09:27:27.137422,2014-11-18 09:27:34.128314,00:00:06.990892,6.990892
PERF.POWER.Q16,2014-11-18 09:27:34.147856,2014-11-18 09:27:45.699644,00:00:11.551788,11.551788
PERF.POWER.Q4,2014-11-18 09:27:45.718673,2014-11-18 09:28:26.870556,00:00:41.151883,41.151883
PERF.POWER.Q11,2014-11-18 09:28:26.89228,2014-11-18 09:28:29.698937,00:00:02.806657,2.806657
PERF.POWER.Q15,2014-11-18 09:28:29.720113,2014-11-18 09:28:43.692455,00:00:13.972342,13.972342
PERF.POWER.Q1,2014-11-18 09:28:43.713007,2014-11-18 09:30:09.230677,00:01:25.51767,85.51767
PERF.POWER.Q10,2014-11-18 09:30:09.250673,2014-11-18 09:30:31.180276,00:00:21.929603,21.929603
PERF.POWER.Q19,2014-11-18 09:30:31.200467,2014-11-18 09:30:32.114495,00:00:00.914028,0.914028
PERF.POWER.Q5,2014-11-18 09:30:32.135436,2014-11-18 09:31:09.241261,00:00:37.105825,37.105825
PERF.POWER.Q7,2014-11-18 09:31:09.262491,2014-11-18 09:31:46.972388,00:00:37.709897,37.709897
PERF.POWER.Q12,2014-11-18 09:31:46.989572,2014-11-18 09:32:08.58028,00:00:21.590708,21.590708
PERF.POWER.RF2,2014-11-18 09:32:08.590115,2014-11-18 09:32:45.437377,00:00:36.847262,36.847262
PERF.POWER,2014-11-18 09:21:36.884622,2014-11-18 09:32:45.444025,00:11:08.559403,668.559403
PERF.THRUPUT.RFST1.RF1,2014-11-18 09:34:17.935528,2014-11-18 09:34:34.893629,00:00:16.958101,16.958101
PERF.THRUPUT.QS3.Q8,2014-11-18 09:34:18.341693,2014-11-18 09:34:35.215094,00:00:16.873401,16.873401
PERF.THRUPUT.QS2.Q6,2014-11-18 09:34:18.344303,2014-11-18 09:34:39.282126,00:00:20.937823,20.937823
PERF.THRUPUT.QS2.Q17,2014-11-18 09:34:39.293605,2014-11-18 09:34:39.948631,00:00:00.655026,0.655026
PERF.THRUPUT.QS2.Q14,2014-11-18 09:34:39.960263,2014-11-18 09:34:48.930372,00:00:08.970109,8.970109
PERF.THRUPUT.QS4.Q5,2014-11-18 09:34:18.350156,2014-11-18 09:34:54.353137,00:00:36.002981,36.002981
PERF.THRUPUT.QS2.Q16,2014-11-18 09:34:48.943679,2014-11-18 09:35:00.802372,00:00:11.858693,11.858693
PERF.THRUPUT.QS2.Q19,2014-11-18 09:35:00.813552,2014-11-18 09:35:01.74758,00:00:00.934028,0.934028
PERF.THRUPUT.QS3.Q5,2014-11-18 09:34:35.227058,2014-11-18 09:35:06.038189,00:00:30.811131,30.811131
PERF.THRUPUT.RFST1.RF2,2014-11-18 09:34:34.902682,2014-11-18 09:35:10.335396,00:00:35.432714,35.432714
PERF.THRUPUT.RFST1,2014-11-18 09:34:17.928477,2014-11-18 09:35:10.341849,00:00:52.413372,52.413372
PERF.THRUPUT.QS2.Q10,2014-11-18 09:35:01.759248,2014-11-18 09:35:22.236716,00:00:20.477468,20.477468
PERF.THRUPUT.RFST2.RF1,2014-11-18 09:35:10.353625,2014-11-18 09:35:25.668064,00:00:15.314439,15.314439
PERF.THRUPUT.QS1.Q21,2014-11-18 09:34:18.340748,2014-11-18 09:35:40.739246,00:01:22.398498,82.398498
PERF.THRUPUT.QS3.Q4,2014-11-18 09:35:06.050857,2014-11-18 09:35:51.86848,00:00:45.817623,45.817623
PERF.THRUPUT.RFST2.RF2,2014-11-18 09:35:25.6773,2014-11-18 09:36:01.973294,00:00:36.295994,36.295994
PERF.THRUPUT.RFST2,2014-11-18 09:35:10.348163,2014-11-18 09:36:01.980268,00:00:51.632105,51.632105
PERF.THRUPUT.QS4.Q21,2014-11-18 09:34:54.364542,2014-11-18 09:36:06.395775,00:01:12.031233,72.031233
PERF.THRUPUT.QS3.Q6,2014-11-18 09:35:51.879729,2014-11-18 09:36:07.960103,00:00:16.080374,16.080374
PERF.THRUPUT.QS3.Q17,2014-11-18 09:36:07.971428,2014-11-18 09:36:08.746126,00:00:00.774698,0.774698
PERF.THRUPUT.QS4.Q14,2014-11-18 09:36:06.40685,2014-11-18 09:36:14.488508,00:00:08.081658,8.081658
PERF.THRUPUT.QS4.Q19,2014-11-18 09:36:14.547144,2014-11-18 09:36:15.613553,00:00:01.066409,1.066409
PERF.THRUPUT.RFST3.RF1,2014-11-18 09:36:01.99216,2014-11-18 09:36:16.262736,00:00:14.270576,14.270576
PERF.THRUPUT.QS1.Q3,2014-11-18 09:35:40.755143,2014-11-18 09:36:18.308752,00:00:37.553609,37.553609
PERF.THRUPUT.QS4.Q15,2014-11-18 09:36:15.626334,2014-11-18 09:36:42.390116,00:00:26.763782,26.763782
PERF.THRUPUT.QS4.Q17,2014-11-18 09:36:42.401467,2014-11-18 09:36:43.051467,00:00:00.65,0.65
PERF.THRUPUT.QS3.Q7,2014-11-18 09:36:08.762172,2014-11-18 09:36:49.715446,00:00:40.953274,40.953274
PERF.THRUPUT.QS2.Q9,2014-11-18 09:35:22.293575,2014-11-18 09:36:51.037847,00:01:28.744272,88.744272
PERF.THRUPUT.RFST3.RF2,2014-11-18 09:36:16.272067,2014-11-18 09:36:52.455705,00:00:36.183638,36.183638
PERF.THRUPUT.RFST3,2014-11-18 09:36:01.986644,2014-11-18 09:36:52.462215,00:00:50.475571,50.475571
PERF.THRUPUT.QS2.Q2,2014-11-18 09:36:51.050325,2014-11-18 09:36:57.604515,00:00:06.55419,6.55419
PERF.THRUPUT.QS4.Q12,2014-11-18 09:36:43.063279,2014-11-18 09:37:03.52006,00:00:20.456781,20.456781
PERF.THRUPUT.RFST4.RF1,2014-11-18 09:36:52.475693,2014-11-18 09:37:06.00669,00:00:13.530997,13.530997
PERF.THRUPUT.QS1.Q18,2014-11-18 09:36:18.3203,2014-11-18 09:37:12.991251,00:00:54.670951,54.670951
PERF.THRUPUT.QS2.Q15,2014-11-18 09:36:57.616272,2014-11-18 09:37:13.10002,00:00:15.483748,15.483748
PERF.THRUPUT.QS4.Q6,2014-11-18 09:37:03.570616,2014-11-18 09:37:25.021674,00:00:21.451058,21.451058
PERF.THRUPUT.QS2.Q8,2014-11-18 09:37:13.11186,2014-11-18 09:37:33.483827,00:00:20.371967,20.371967
PERF.THRUPUT.RFST4.RF2,2014-11-18 09:37:06.016159,2014-11-18 09:37:42.826002,00:00:36.809843,36.809843
PERF.THRUPUT.RFST4,2014-11-18 09:36:52.468741,2014-11-18 09:37:42.832413,00:00:50.363672,50.363672
PERF.THRUPUT.QS1.Q5,2014-11-18 09:37:13.004593,2014-11-18 09:37:54.337094,00:00:41.332501,41.332501
PERF.THRUPUT.QS1.Q11,2014-11-18 09:37:54.349419,2014-11-18 09:37:57.103755,00:00:02.754336,2.754336
PERF.THRUPUT.QS2.Q5,2014-11-18 09:37:33.495087,2014-11-18 09:38:10.564632,00:00:37.069545,37.069545
PERF.THRUPUT.QS4.Q4,2014-11-18 09:37:25.03491,2014-11-18 09:38:12.632811,00:00:47.597901,47.597901
PERF.THRUPUT.QS3.Q1,2014-11-18 09:36:49.727665,2014-11-18 09:38:13.810773,00:01:24.083108,84.083108
PERF.THRUPUT.QS2.Q22,2014-11-18 09:38:10.577077,2014-11-18 09:38:17.87057,00:00:07.293493,7.293493
PERF.THRUPUT.QS2.Q12,2014-11-18 09:38:17.884226,2014-11-18 09:38:34.037538,00:00:16.153312,16.153312
PERF.THRUPUT.QS1.Q7,2014-11-18 09:37:57.115631,2014-11-18 09:38:35.371904,00:00:38.256273,38.256273
PERF.THRUPUT.QS1.Q6,2014-11-18 09:38:35.384881,2014-11-18 09:38:52.082187,00:00:16.697306,16.697306
PERF.THRUPUT.QS1.Q20,2014-11-18 09:38:52.094658,2014-11-18 09:39:00.138478,00:00:08.04382,8.04382
PERF.THRUPUT.QS1.Q17,2014-11-18 09:39:00.150445,2014-11-18 09:39:00.854027,00:00:00.703582,0.703582
PERF.THRUPUT.QS3.Q18,2014-11-18 09:38:13.823044,2014-11-18 09:39:06.991951,00:00:53.168907,53.168907
PERF.THRUPUT.QS3.Q22,2014-11-18 09:39:07.004132,2014-11-18 09:39:14.476449,00:00:07.472317,7.472317
PERF.THRUPUT.QS2.Q7,2014-11-18 09:38:34.049671,2014-11-18 09:39:17.031624,00:00:42.981953,42.981953
PERF.THRUPUT.QS3.Q14,2014-11-18 09:39:14.488869,2014-11-18 09:39:21.300835,00:00:06.811966,6.811966
PERF.THRUPUT.QS1.Q12,2014-11-18 09:39:00.865519,2014-11-18 09:39:21.551362,00:00:20.685843,20.685843
PERF.THRUPUT.QS1.Q16,2014-11-18 09:39:21.562656,2014-11-18 09:39:31.964891,00:00:10.402235,10.402235
PERF.THRUPUT.QS4.Q9,2014-11-18 09:38:12.644757,2014-11-18 09:39:34.531767,00:01:21.88701,81.88701
PERF.THRUPUT.QS2.Q13,2014-11-18 09:39:17.044535,2014-11-18 09:39:46.43908,00:00:29.394545,29.394545
PERF.THRUPUT.QS4.Q8,2014-11-18 09:39:34.544356,2014-11-18 09:39:47.149439,00:00:12.605083,12.605083
PERF.THRUPUT.QS1.Q15,2014-11-18 09:39:31.977049,2014-11-18 09:39:49.564919,00:00:17.58787,17.58787
PERF.THRUPUT.QS4.Q16,2014-11-18 09:39:47.161735,2014-11-18 09:39:58.114174,00:00:10.952439,10.952439
PERF.THRUPUT.QS4.Q11,2014-11-18 09:39:58.126869,2014-11-18 09:39:59.820779,00:00:01.69391,1.69391
PERF.THRUPUT.QS4.Q2,2014-11-18 09:39:59.832718,2014-11-18 09:40:05.009552,00:00:05.176834,5.176834
PERF.THRUPUT.QS1.Q13,2014-11-18 09:39:49.576826,2014-11-18 09:40:19.021763,00:00:29.444937,29.444937
PERF.THRUPUT.QS4.Q10,2014-11-18 09:40:05.021901,2014-11-18 09:40:24.407356,00:00:19.385455,19.385455
PERF.THRUPUT.QS1.Q10,2014-11-18 09:40:19.034186,2014-11-18 09:40:39.461708,00:00:20.427522,20.427522
PERF.THRUPUT.QS2.Q18,2014-11-18 09:39:46.451363,2014-11-18 09:40:43.453735,00:00:57.002372,57.002372
PERF.THRUPUT.QS3.Q9,2014-11-18 09:39:21.313548,2014-11-18 09:40:45.61547,00:01:24.301922,84.301922
PERF.THRUPUT.QS1.Q2,2014-11-18 09:40:39.473697,2014-11-18 09:40:45.738599,00:00:06.264902,6.264902
PERF.THRUPUT.QS1.Q8,2014-11-18 09:40:45.750731,2014-11-18 09:40:58.808504,00:00:13.057773,13.057773
PERF.THRUPUT.QS3.Q10,2014-11-18 09:40:45.627547,2014-11-18 09:41:04.411004,00:00:18.783457,18.783457
PERF.THRUPUT.QS1.Q14,2014-11-18 09:40:58.821301,2014-11-18 09:41:05.502185,00:00:06.680884,6.680884
PERF.THRUPUT.QS1.Q19,2014-11-18 09:41:05.514343,2014-11-18 09:41:06.491193,00:00:00.97685,0.97685
PERF.THRUPUT.QS3.Q15,2014-11-18 09:41:04.423242,2014-11-18 09:41:16.840497,00:00:12.417255,12.417255
PERF.THRUPUT.QS3.Q11,2014-11-18 09:41:16.85255,2014-11-18 09:41:19.776497,00:00:02.923947,2.923947
PERF.THRUPUT.QS4.Q18,2014-11-18 09:40:24.41968,2014-11-18 09:41:23.992497,00:00:59.572817,59.572817
PERF.THRUPUT.QS2.Q1,2014-11-18 09:40:43.465904,2014-11-18 09:42:06.635757,00:01:23.169853,83.169853
PERF.THRUPUT.QS1.Q9,2014-11-18 09:41:06.503593,2014-11-18 09:42:28.903944,00:01:22.400351,82.400351
PERF.THRUPUT.QS4.Q1,2014-11-18 09:41:24.00475,2014-11-18 09:42:50.160105,00:01:26.155355,86.155355
PERF.THRUPUT.QS3.ALL,2014-11-18 09:34:18.330564,2014-11-18 09:44:18.852662,00:10:00.522098,600.522098
PERF.THRUPUT.QS1.ALL,2014-11-18 09:34:18.330166,2014-11-18 09:44:45.121479,00:10:26.791313,626.791313
PERF.THRUPUT.QS4.ALL,2014-11-18 09:34:18.340054,2014-11-18 09:44:45.635925,00:10:27.295871,627.295871
PERF.THRUPUT.QS2.ALL,2014-11-18 09:34:18.334493,2014-11-18 09:44:49.722044,00:10:31.387551,631.387551
PERF.THRUPUT,2014-11-18 09:34:17.86291,2014-11-18 09:44:49.798312,00:10:31.935402,631.935402
PERF.THRUPUT.QS3.Q20,2014-11-18 09:41:19.788621,2014-11-18 09:41:26.556275,00:00:06.767654,6.767654
PERF.THRUPUT.QS3.Q2,2014-11-18 09:41:26.569357,2014-11-18 09:41:31.611296,00:00:05.041939,5.041939
PERF.THRUPUT.QS1.Q22,2014-11-18 09:42:28.916023,2014-11-18 09:42:36.146332,00:00:07.230309,7.230309
PERF.THRUPUT.QS3.Q21,2014-11-18 09:41:31.623213,2014-11-18 09:42:40.855283,00:01:09.23207,69.23207
PERF.THRUPUT.QS3.Q19,2014-11-18 09:42:40.867231,2014-11-18 09:42:41.864289,00:00:00.997058,0.997058
PERF.THRUPUT.QS2.Q4,2014-11-18 09:42:06.647693,2014-11-18 09:42:48.583839,00:00:41.936146,41.936146
PERF.THRUPUT.QS2.Q20,2014-11-18 09:42:48.595364,2014-11-18 09:42:57.456148,00:00:08.860784,8.860784
PERF.THRUPUT.QS3.Q13,2014-11-18 09:42:41.876394,2014-11-18 09:43:16.837687,00:00:34.961293,34.961293
PERF.THRUPUT.QS4.Q13,2014-11-18 09:42:50.171979,2014-11-18 09:43:19.627076,00:00:29.455097,29.455097
PERF.THRUPUT.QS3.Q16,2014-11-18 09:43:16.849816,2014-11-18 09:43:28.530277,00:00:11.680461,11.680461
PERF.THRUPUT.QS2.Q3,2014-11-18 09:42:57.468233,2014-11-18 09:43:35.132261,00:00:37.664028,37.664028
PERF.THRUPUT.QS2.Q11,2014-11-18 09:43:35.144574,2014-11-18 09:43:37.382565,00:00:02.237991,2.237991
PERF.THRUPUT.QS3.Q12,2014-11-18 09:43:28.54211,2014-11-18 09:43:47.679271,00:00:19.137161,19.137161
PERF.THRUPUT.QS4.Q7,2014-11-18 09:43:19.639181,2014-11-18 09:43:50.193844,00:00:30.554663,30.554663
PERF.THRUPUT.QS4.Q22,2014-11-18 09:43:50.205771,2014-11-18 09:43:57.844136,00:00:07.638365,7.638365
PERF.THRUPUT.QS1.Q1,2014-11-18 09:42:36.158624,2014-11-18 09:44:00.506524,00:01:24.3479,84.3479
PERF.THRUPUT.QS3.Q3,2014-11-18 09:43:47.691352,2014-11-18 09:44:18.845887,00:00:31.154535,31.154535
PERF.THRUPUT.QS4.Q3,2014-11-18 09:43:57.857437,2014-11-18 09:44:37.144657,00:00:39.28722,39.28722
PERF.THRUPUT.QS1.Q4,2014-11-18 09:44:00.518667,2014-11-18 09:44:45.114242,00:00:44.595575,44.595575
PERF.THRUPUT.QS4.Q20,2014-11-18 09:44:37.156708,2014-11-18 09:44:45.626948,00:00:08.47024,8.47024
PERF.THRUPUT.QS2.Q21,2014-11-18 09:43:37.394779,2014-11-18 09:44:49.713021,00:01:12.318242,72.318242
