ctime,schemaname,relname,seq_scan,seq_tup_read,idx_scan,idx_tup_fetch,n_tup_ins,n_tup_upd,n_tup_del,n_tup_hot_upd,n_live_tup,n_dead_tup,heap_blks_read,heap_blks_hit,idx_blks_read,idx_blks_hit,toast_blks_read,toast_blks_hit,tidx_blks_read,tidx_blks_hit
1416298897.54393,public,time_statistics,1,1,,,3,1,0,1,3,1,2,3,,,,,,
1416298897.54393,pg_catalog,pg_auth_members,0,0,0,0,0,0,0,0,0,0,0,0,0,0,,,,
1416298897.54393,pg_catalog,pg_operator,0,0,350734,1568150,0,0,0,0,0,0,61991,1061233,47105,735797,,,,
1416298897.54393,pg_catalog,pg_aggregate,0,0,23727,23727,0,0,0,0,0,0,4782,18945,9663,32479,,,,
1416298897.54393,pg_catalog,pg_pltemplate,0,0,0,0,0,0,0,0,0,0,0,0,0,0,,,,
1416298897.54393,pg_toast,pg_toast_12188,0,0,0,0,0,0,0,0,0,0,0,0,0,0,,,,
1416298897.54393,pg_catalog,pg_description,0,0,5919,0,0,0,0,0,0,0,0,0,2060,11073,0,0,0,0
1416298897.54393,pg_catalog,pg_language,0,0,0,0,0,0,0,0,0,0,0,0,0,0,,,,
1416298897.54393,public,partsupp,4,24000000,42,42,8000000,0,0,0,8000000,0,340611,954551,12,122,,,,
1416298897.54393,pg_catalog,pg_ts_parser,0,0,0,0,0,0,0,0,0,0,0,0,0,0,,,,
1416298897.54393,pg_catalog,pg_shseclabel,0,0,0,0,0,0,0,0,0,0,0,0,0,0,,,,
1416298897.54393,pg_catalog,pg_foreign_table,0,0,0,0,0,0,0,0,0,0,0,0,0,0,,,,
1416298897.54393,information_schema,sql_packages,0,0,,,0,0,0,0,0,0,0,0,,,0,0,0,0
1416298897.54393,information_schema,sql_parts,0,0,,,0,0,0,0,0,0,0,0,,,0,0,0,0
1416298897.54393,pg_catalog,pg_attrdef,0,0,0,0,0,0,0,0,0,0,0,0,0,0,0,0,0,0
1416298897.54393,pg_catalog,pg_ts_template,0,0,0,0,0,0,0,0,0,0,0,0,0,0,,,,
1416298897.54393,pg_catalog,pg_foreign_server,0,0,0,0,0,0,0,0,0,0,0,0,0,0,,,,
1416298897.54393,pg_catalog,pg_default_acl,0,0,5220,0,0,0,0,0,0,0,0,0,589,4631,,,,
1416298897.54393,pg_toast,pg_toast_12198,0,0,0,0,0,0,0,0,0,0,0,0,0,0,,,,
1416298897.54393,pg_toast,pg_toast_12208,0,0,0,0,0,0,0,0,0,0,0,0,0,0,,,,
1416298897.54393,pg_catalog,pg_attribute,4609,30587,1331386,2669850,9536,310,9358,274,2425,12,103521,1332045,45899,2720731,,,,
1416298897.54393,public,supplier,8,400000,42,42,100000,0,0,0,100000,0,2312,15690,4,88,,,,
1416298897.54393,pg_catalog,pg_statistic,0,0,314785,256447,2192,5435,2129,4906,515,0,45417,227166,21513,657026,22727,106830,2277,159713
1416298897.54393,pg_toast,pg_toast_12203,0,0,0,0,0,0,0,0,0,0,0,0,0,0,,,,
1416298897.54393,pg_toast,pg_toast_2618,0,0,15388,49965,0,0,0,0,0,0,10911,15972,4165,19009,,,,
1416298897.54393,pg_toast,pg_toast_3596,0,0,0,0,0,0,0,0,0,0,0,0,0,0,,,,
1416298897.54393,pg_catalog,pg_depend,0,0,54826,59013,10089,0,9999,0,6294,665,9969,69785,16511,140127,,,,
1416298897.54393,information_schema,sql_languages,0,0,,,0,0,0,0,0,0,0,0,,,0,0,0,0
1416298897.54393,pg_catalog,pg_opclass,838,838,283273,3064613,0,0,0,0,0,0,13369,1059021,26421,340151,,,,
1416298897.54393,pg_catalog,pg_proc,0,0,570225,839842,0,0,0,0,0,0,80277,570480,72804,1192575,0,0,0,0
1416298897.54393,information_schema,sql_implementation_info,0,0,,,0,0,0,0,0,0,0,0,,,0,0,0,0
1416298897.54393,pg_catalog,pg_trigger,0,0,0,0,0,0,0,0,0,0,0,0,0,0,0,0,0,0
1416298897.54393,pg_catalog,pg_am,58578,58578,0,0,0,0,0,0,0,0,7830,50748,0,0,,,,
1416298897.54393,pg_catalog,pg_largeobject_metadata,0,0,0,0,0,0,0,0,0,0,0,0,0,0,,,,
1416298897.54393,pg_catalog,pg_ts_config_map,0,0,0,0,0,0,0,0,0,0,0,0,0,0,,,,
1416298897.54393,pg_catalog,pg_type,0,0,1154061,1144565,2578,0,2559,0,349,2,25184,1130868,31835,2332778,,,,
1416298897.54393,pg_catalog,pg_shdepend,0,0,7266,1346,0,0,0,0,0,0,625,721,2655,7213,,,,
1416298897.54393,public,lineitem,17,539874468,56,56,59986052,0,0,0,59985869,0,9191942,4070432,16,223,,,,
1416298897.54393,information_schema,sql_sizing,0,0,,,0,0,0,0,0,0,0,0,,,0,0,0,0
1416298897.54393,public,customer,9,9000000,28,28,1500000,0,0,0,1500000,0,68533,294885,6,86,,,,
1416298897.54393,pg_catalog,pg_conversion,0,0,0,0,0,0,0,0,0,0,0,0,0,0,,,,
1416298897.54393,pg_catalog,pg_foreign_data_wrapper,0,0,0,0,0,0,0,0,0,0,0,0,0,0,,,,
1416298897.54393,pg_catalog,pg_opfamily,0,0,0,0,0,0,0,0,0,0,0,0,0,0,,,,
1416298897.54393,public,nation,10,50,42,42,25,0,0,0,25,0,1,45,2,49,,,,
1416298897.54393,pg_catalog,pg_shdescription,0,0,0,0,0,0,0,0,0,0,0,0,0,0,0,0,0,0
1416298897.54393,pg_catalog,pg_tablespace,2,4,42601,42601,0,0,0,0,0,0,6237,36366,12508,72694,,,,
1416298897.54393,pg_catalog,pg_inherits,0,0,1295,0,0,0,0,0,0,0,0,0,638,657,,,,
1416298897.54393,pg_toast,pg_toast_2606,0,0,0,0,0,0,0,0,0,0,0,0,0,0,,,,
1416298897.54393,public,orders,10,60000000,30,30,15000000,0,0,0,15000000,0,504554,1558810,6,94,,,,
1416298897.54393,pg_toast,pg_toast_2964,0,0,0,0,0,0,0,0,0,0,0,0,0,0,,,,
1416298897.54393,pg_catalog,pg_database,10737,42234,238521,238519,1,0,0,0,1,0,8161,241096,36926,323216,,,,
1416298897.54393,pg_toast,pg_toast_2620,0,0,0,0,0,0,0,0,0,0,0,0,0,0,,,,
1416298897.54393,pg_toast,pg_toast_12213,0,0,0,0,0,0,0,0,0,0,0,0,0,0,,,,
1416298897.54393,pg_catalog,pg_amproc,838,1676,217678,323659,0,0,0,0,0,0,9963,204682,26737,466010,,,,
1416298897.54393,pg_catalog,pg_collation,0,0,0,0,0,0,0,0,0,0,0,0,0,0,,,,
1416298897.54393,pg_catalog,pg_constraint,0,0,488,240,248,0,240,0,10,16,138,1383,250,2478,0,0,0,0
1416298897.54393,pg_catalog,pg_range,0,0,9118,0,0,0,0,0,0,0,0,0,7541,10695,,,,
1416298897.54393,public,region,6,10,8,8,5,0,0,0,5,0,1,11,2,9,,,,
1416298897.54393,pg_catalog,pg_user_mapping,0,0,0,0,0,0,0,0,0,0,0,0,0,0,,,,
1416298897.54393,pg_catalog,pg_largeobject,0,0,0,0,0,0,0,0,0,0,0,0,0,0,,,,
1416298897.54393,pg_catalog,pg_namespace,8065,243500,639715,585804,40,0,0,0,40,0,6828,587142,18375,682860,,,,
1416298897.54393,pg_catalog,pg_authid,4039,4039,108466,108466,0,0,0,0,0,0,7016,105489,26110,190822,,,,
1416298897.54393,pg_toast,pg_toast_12193,0,0,0,0,0,0,0,0,0,0,0,0,0,0,,,,
1416298897.54393,pg_catalog,pg_index,18229,2098204,489439,699180,1187,0,1159,0,138,35,30393,699028,28582,556924,,,,
1416298897.54393,pg_catalog,pg_ts_dict,0,0,0,0,0,0,0,0,0,0,0,0,0,0,,,,
1416298897.54393,information_schema,sql_features,0,0,,,0,0,0,0,0,0,0,0,,,0,0,0,0
1416298897.54393,pg_catalog,pg_class,45185,11183107,1942231,1866967,2492,666,2454,645,326,71,74826,2233115,61204,3928833,,,,
1416298897.54393,pg_toast,pg_toast_12183,0,0,0,0,0,0,0,0,0,0,0,0,0,0,,,,
1416298897.54393,information_schema,sql_sizing_profiles,0,0,,,0,0,0,0,0,0,0,0,,,0,0,0,0
1416298897.54393,pg_toast,pg_toast_2396,0,0,0,0,0,0,0,0,0,0,0,0,0,0,,,,
1416298897.54393,pg_catalog,pg_enum,0,0,0,0,0,0,0,0,0,0,0,0,0,0,,,,
1416298897.54393,pg_catalog,pg_db_role_setting,0,0,182607,0,0,0,0,0,0,0,0,0,8036,174571,0,0,0,0
1416298897.54393,pg_catalog,pg_seclabel,0,0,5919,0,0,0,0,0,0,0,0,0,642,5277,0,0,0,0
1416298897.54393,pg_toast,pg_toast_2609,0,0,0,0,0,0,0,0,0,0,0,0,0,0,,,,
1416298897.54393,pg_toast,pg_toast_1255,0,0,0,0,0,0,0,0,0,0,0,0,0,0,,,,
1416298897.54393,pg_catalog,pg_rewrite,0,0,30787,28789,666,0,666,0,106,55,13388,20691,5707,46965,10911,15972,4165,19009
1416298897.54393,pg_catalog,pg_ts_config,0,0,0,0,0,0,0,0,0,0,0,0,0,0,,,,
1416298897.54393,pg_catalog,pg_extension,0,0,0,0,0,0,0,0,0,0,0,0,0,0,,,,
1416298897.54393,pg_catalog,pg_amop,0,0,448550,630977,0,0,0,0,0,0,20954,610023,35867,931294,,,,
1416298897.54393,pg_catalog,pg_cast,0,0,1473267,395194,0,0,0,0,0,0,9135,386059,11567,1514175,,,,
1416298897.54393,public,part,8,12000000,26,26,2000000,0,0,0,2000000,0,79007,327741,6,80,,,,
1416298897.54393,pg_toast,pg_toast_2619,0,0,78476,258385,3739,0,3488,0,267,6,22727,106830,2277,159713,,,,
1416298897.54393,pg_toast,pg_toast_2604,0,0,0,0,0,0,0,0,0,0,0,0,0,0,,,,
1416298957.54617,public,time_statistics,4,13,,,6,4,0,4,6,4,2,12,,,,,,
1416298957.54617,pg_catalog,pg_auth_members,0,0,0,0,0,0,0,0,0,0,0,0,0,0,,,,
1416298957.54617,pg_catalog,pg_operator,0,0,350815,1568476,0,0,0,0,0,0,62003,1061454,47107,735984,,,,
1416298957.54617,pg_catalog,pg_aggregate,0,0,23731,23731,0,0,0,0,0,0,4783,18948,9665,32485,,,,
1416298957.54617,pg_catalog,pg_pltemplate,0,0,0,0,0,0,0,0,0,0,0,0,0,0,,,,
1416298957.54617,pg_toast,pg_toast_12188,0,0,0,0,0,0,0,0,0,0,0,0,0,0,,,,
1416298957.54617,pg_catalog,pg_description,0,0,5919,0,0,0,0,0,0,0,0,0,2060,11073,0,0,0,0
1416298957.54617,pg_catalog,pg_language,0,0,0,0,0,0,0,0,0,0,0,0,0,0,,,,
1416298957.54617,public,partsupp,4,24000000,26300,1612650,8000000,0,0,0,8000000,0,511564,2377672,20004,63413,,,,
1416298957.54617,pg_catalog,pg_ts_parser,0,0,0,0,0,0,0,0,0,0,0,0,0,0,,,,
1416298957.54617,pg_catalog,pg_shseclabel,0,0,0,0,0,0,0,0,0,0,0,0,0,0,,,,
1416298957.54617,pg_catalog,pg_foreign_table,0,0,0,0,0,0,0,0,0,0,0,0,0,0,,,,
1416298957.54617,information_schema,sql_packages,0,0,,,0,0,0,0,0,0,0,0,,,0,0,0,0
1416298957.54617,information_schema,sql_parts,0,0,,,0,0,0,0,0,0,0,0,,,0,0,0,0
1416298957.54617,pg_catalog,pg_attrdef,0,0,0,0,0,0,0,0,0,0,0,0,0,0,0,0,0,0
1416298957.54617,pg_catalog,pg_ts_template,0,0,0,0,0,0,0,0,0,0,0,0,0,0,,,,
1416298957.54617,pg_catalog,pg_foreign_server,0,0,0,0,0,0,0,0,0,0,0,0,0,0,,,,
1416298957.54617,pg_catalog,pg_default_acl,0,0,5220,0,0,0,0,0,0,0,0,0,589,4631,,,,
1416298957.54617,pg_toast,pg_toast_12198,0,0,0,0,0,0,0,0,0,0,0,0,0,0,,,,
1416298957.54617,pg_toast,pg_toast_12208,0,0,0,0,0,0,0,0,0,0,0,0,0,0,,,,
1416298957.54617,pg_catalog,pg_attribute,4609,30587,1331872,2670718,9536,310,9358,274,2425,12,103540,1332515,45899,2721724,,,,
1416298957.54617,public,supplier,10,500000,25686,25686,100000,0,0,0,100000,0,4491,41334,280,51252,,,,
1416298957.54617,pg_catalog,pg_statistic,0,0,314872,256513,2192,5435,2129,4906,515,0,45425,227224,21514,657214,22753,106848,2277,159777
1416298957.54617,pg_toast,pg_toast_12203,0,0,0,0,0,0,0,0,0,0,0,0,0,0,,,,
1416298957.54617,pg_toast,pg_toast_2618,0,0,15396,49991,0,0,0,0,0,0,10916,15981,4165,19021,,,,
1416298957.54617,pg_toast,pg_toast_3596,0,0,0,0,0,0,0,0,0,0,0,0,0,0,,,,
1416298957.54617,pg_catalog,pg_depend,0,0,54826,59013,10089,0,9999,0,6294,665,9969,69785,16511,140127,,,,
1416298957.54617,information_schema,sql_languages,0,0,,,0,0,0,0,0,0,0,0,,,0,0,0,0
1416298957.54617,pg_catalog,pg_opclass,838,838,283340,3065220,0,0,0,0,0,0,13369,1059235,26421,340246,,,,
1416298957.54617,pg_catalog,pg_proc,0,0,570427,840140,0,0,0,0,0,0,80295,570700,72810,1193020,0,0,0,0
1416298957.54617,information_schema,sql_implementation_info,0,0,,,0,0,0,0,0,0,0,0,,,0,0,0,0
1416298957.54617,pg_catalog,pg_trigger,0,0,0,0,0,0,0,0,0,0,0,0,0,0,0,0,0,0
1416298957.54617,pg_catalog,pg_am,58599,58599,0,0,0,0,0,0,0,0,7830,50769,0,0,,,,
1416298957.54617,pg_catalog,pg_largeobject_metadata,0,0,0,0,0,0,0,0,0,0,0,0,0,0,,,,
1416298957.54617,pg_catalog,pg_ts_config_map,0,0,0,0,0,0,0,0,0,0,0,0,0,0,,,,
1416298957.54617,pg_catalog,pg_type,0,0,1154426,1144930,2578,0,2559,0,349,2,25185,1131232,31835,2333528,,,,
1416298957.54617,pg_catalog,pg_shdepend,0,0,7266,1346,0,0,0,0,0,0,625,721,2655,7213,,,,
1416298957.54617,public,lineitem,17,539874468,59,772675,60045669,0,0,0,60045486,0,9604306,4073116,109893,1305639,,,,
1416298957.54617,information_schema,sql_sizing,0,0,,,0,0,0,0,0,0,0,0,,,0,0,0,0
1416298957.54617,public,customer,9,9000000,28,28,1500000,0,0,0,1500000,0,68533,294885,6,86,,,,
1416298957.54617,pg_catalog,pg_conversion,0,0,0,0,0,0,0,0,0,0,0,0,0,0,,,,
1416298957.54617,pg_catalog,pg_foreign_data_wrapper,0,0,0,0,0,0,0,0,0,0,0,0,0,0,,,,
1416298957.54617,pg_catalog,pg_opfamily,0,0,0,0,0,0,0,0,0,0,0,0,0,0,,,,
1416298957.54617,public,nation,11,75,25686,25686,25,0,0,0,25,0,2,25689,4,25692,,,,
1416298957.54617,pg_catalog,pg_shdescription,0,0,0,0,0,0,0,0,0,0,0,0,0,0,0,0,0,0
1416298957.54617,pg_catalog,pg_tablespace,2,4,42616,42616,0,0,0,0,0,0,6237,36381,12508,72724,,,,
1416298957.54617,pg_catalog,pg_inherits,0,0,1295,0,0,0,0,0,0,0,0,0,638,657,,,,
1416298957.54617,pg_toast,pg_toast_2606,0,0,0,0,0,0,0,0,0,0,0,0,0,0,,,,
1416298957.54617,public,orders,10,60000000,30,30,15015000,0,0,0,15015000,0,504810,1559367,2826,132769,,,,
1416298957.54617,pg_toast,pg_toast_2964,0,0,0,0,0,0,0,0,0,0,0,0,0,0,,,,
1416298957.54617,pg_catalog,pg_database,10741,42250,238600,238598,1,0,0,0,1,0,8161,241179,36926,323339,,,,
1416298957.54617,pg_toast,pg_toast_2620,0,0,0,0,0,0,0,0,0,0,0,0,0,0,,,,
1416298957.54617,pg_toast,pg_toast_12213,0,0,0,0,0,0,0,0,0,0,0,0,0,0,,,,
1416298957.54617,pg_catalog,pg_amproc,838,1676,217739,323753,0,0,0,0,0,0,9963,204742,26737,466153,,,,
1416298957.54617,pg_catalog,pg_collation,0,0,0,0,0,0,0,0,0,0,0,0,0,0,,,,
1416298957.54617,pg_catalog,pg_constraint,0,0,488,240,248,0,240,0,10,16,138,1383,250,2478,0,0,0,0
1416298957.54617,pg_catalog,pg_range,0,0,9121,0,0,0,0,0,0,0,0,0,7543,10699,,,,
1416298957.54617,public,region,6417,32060,12,12,5,0,0,0,5,0,2,6424,4,12,,,,
1416298957.54617,pg_catalog,pg_user_mapping,0,0,0,0,0,0,0,0,0,0,0,0,0,0,,,,
1416298957.54617,pg_catalog,pg_largeobject,0,0,0,0,0,0,0,0,0,0,0,0,0,0,,,,
1416298957.54617,pg_catalog,pg_namespace,8069,243684,640046,586116,40,0,0,0,40,0,6828,587458,18377,683210,,,,
1416298957.54617,pg_catalog,pg_authid,4041,4041,108506,108506,0,0,0,0,0,0,7016,105531,26110,190902,,,,
1416298957.54617,pg_toast,pg_toast_12193,0,0,0,0,0,0,0,0,0,0,0,0,0,0,,,,
1416298957.54617,pg_catalog,pg_index,18237,2099308,489566,699354,1187,0,1159,0,138,35,30393,699222,28582,557085,,,,
1416298957.54617,pg_catalog,pg_ts_dict,0,0,0,0,0,0,0,0,0,0,0,0,0,0,,,,
1416298957.54617,information_schema,sql_features,0,0,,,0,0,0,0,0,0,0,0,,,0,0,0,0
1416298957.54617,pg_catalog,pg_class,45203,11188406,1943022,1867743,2492,666,2454,645,326,71,74827,2234072,61204,3930457,,,,
1416298957.54617,pg_toast,pg_toast_12183,0,0,0,0,0,0,0,0,0,0,0,0,0,0,,,,
1416298957.54617,information_schema,sql_sizing_profiles,0,0,,,0,0,0,0,0,0,0,0,,,0,0,0,0
1416298957.54617,pg_toast,pg_toast_2396,0,0,0,0,0,0,0,0,0,0,0,0,0,0,,,,
1416298957.54617,pg_catalog,pg_enum,0,0,0,0,0,0,0,0,0,0,0,0,0,0,,,,
1416298957.54617,pg_catalog,pg_db_role_setting,0,0,182673,0,0,0,0,0,0,0,0,0,8036,174637,0,0,0,0
1416298957.54617,pg_catalog,pg_seclabel,0,0,5919,0,0,0,0,0,0,0,0,0,642,5277,0,0,0,0
1416298957.54617,pg_toast,pg_toast_2609,0,0,0,0,0,0,0,0,0,0,0,0,0,0,,,,
1416298957.54617,pg_toast,pg_toast_1255,0,0,0,0,0,0,0,0,0,0,0,0,0,0,,,,
1416298957.54617,pg_catalog,pg_rewrite,0,0,30801,28803,666,0,666,0,106,55,13393,20700,5707,46989,10916,15981,4165,19021
1416298957.54617,pg_catalog,pg_ts_config,0,0,0,0,0,0,0,0,0,0,0,0,0,0,,,,
1416298957.54617,pg_catalog,pg_extension,0,0,0,0,0,0,0,0,0,0,0,0,0,0,,,,
1416298957.54617,pg_catalog,pg_amop,0,0,448662,631135,0,0,0,0,0,0,20956,610179,35867,931541,,,,
1416298957.54617,pg_catalog,pg_cast,0,0,1473620,395307,0,0,0,0,0,0,9135,386172,11567,1514546,,,,
1416298957.54617,public,part,9,14000000,33,2000032,2000000,0,0,0,2000000,0,119529,369021,5475,98,,,,
1416298957.54617,pg_toast,pg_toast_2619,0,0,78504,258487,3739,0,3488,0,267,6,22753,106848,2277,159777,,,,
1416298957.54617,pg_toast,pg_toast_2604,0,0,0,0,0,0,0,0,0,0,0,0,0,0,,,,
1416299017.55013,public,time_statistics,5,19,,,7,5,0,5,7,5,2,15,,,,,,
1416299017.55013,pg_catalog,pg_auth_members,0,0,0,0,0,0,0,0,0,0,0,0,0,0,,,,
1416299017.55013,pg_catalog,pg_operator,0,0,350873,1568634,0,0,0,0,0,0,62003,1061572,47107,736123,,,,
1416299017.55013,pg_catalog,pg_aggregate,0,0,23734,23734,0,0,0,0,0,0,4783,18951,9665,32491,,,,
1416299017.55013,pg_catalog,pg_pltemplate,0,0,0,0,0,0,0,0,0,0,0,0,0,0,,,,
1416299017.55013,pg_toast,pg_toast_12188,0,0,0,0,0,0,0,0,0,0,0,0,0,0,,,,
1416299017.55013,pg_catalog,pg_description,0,0,5919,0,0,0,0,0,0,0,0,0,2060,11073,0,0,0,0
1416299017.55013,pg_catalog,pg_language,0,0,0,0,0,0,0,0,0,0,0,0,0,0,,,,
1416299017.55013,public,partsupp,4,24000000,26317,9612663,8000000,0,0,0,8000000,0,511569,2790032,37544,67783,,,,
1416299017.55013,pg_catalog,pg_ts_parser,0,0,0,0,0,0,0,0,0,0,0,0,0,0,,,,
1416299017.55013,pg_catalog,pg_shseclabel,0,0,0,0,0,0,0,0,0,0,0,0,0,0,,,,
1416299017.55013,pg_catalog,pg_foreign_table,0,0,0,0,0,0,0,0,0,0,0,0,0,0,,,,
1416299017.55013,information_schema,sql_packages,0,0,,,0,0,0,0,0,0,0,0,,,0,0,0,0
1416299017.55013,information_schema,sql_parts,0,0,,,0,0,0,0,0,0,0,0,,,0,0,0,0
1416299017.55013,pg_catalog,pg_attrdef,0,0,0,0,0,0,0,0,0,0,0,0,0,0,0,0,0,0
1416299017.55013,pg_catalog,pg_ts_template,0,0,0,0,0,0,0,0,0,0,0,0,0,0,,,,
1416299017.55013,pg_catalog,pg_foreign_server,0,0,0,0,0,0,0,0,0,0,0,0,0,0,,,,
1416299017.55013,pg_catalog,pg_default_acl,0,0,5220,0,0,0,0,0,0,0,0,0,589,4631,,,,
1416299017.55013,pg_toast,pg_toast_12198,0,0,0,0,0,0,0,0,0,0,0,0,0,0,,,,
1416299017.55013,pg_toast,pg_toast_12208,0,0,0,0,0,0,0,0,0,0,0,0,0,0,,,,
1416299017.55013,pg_catalog,pg_attribute,4609,30587,1332335,2671529,9536,310,9358,274,2425,12,103540,1332981,45899,2722664,,,,
1416299017.55013,public,supplier,10,500000,3289699,3289699,100000,0,0,0,100000,0,4491,3305347,280,6597128,,,,
1416299017.55013,pg_catalog,pg_statistic,0,0,314951,256575,2192,5435,2129,4906,515,0,45425,227286,21514,657386,22760,106877,2277,159839
1416299017.55013,pg_toast,pg_toast_12203,0,0,0,0,0,0,0,0,0,0,0,0,0,0,,,,
1416299017.55013,pg_toast,pg_toast_2618,0,0,15404,50017,0,0,0,0,0,0,10916,15995,4165,19033,,,,
1416299017.55013,pg_toast,pg_toast_3596,0,0,0,0,0,0,0,0,0,0,0,0,0,0,,,,
1416299017.55013,pg_catalog,pg_depend,0,0,54826,59013,10089,0,9999,0,6294,665,9969,69785,16511,140127,,,,
1416299017.55013,information_schema,sql_languages,0,0,,,0,0,0,0,0,0,0,0,,,0,0,0,0
1416299017.55013,pg_catalog,pg_opclass,838,838,283394,3065814,0,0,0,0,0,0,13369,1059436,26421,340322,,,,
1416299017.55013,pg_catalog,pg_proc,0,0,570614,840425,0,0,0,0,0,0,80295,570927,72810,1193437,0,0,0,0
1416299017.55013,information_schema,sql_implementation_info,0,0,,,0,0,0,0,0,0,0,0,,,0,0,0,0
1416299017.55013,pg_catalog,pg_trigger,0,0,0,0,0,0,0,0,0,0,0,0,0,0,0,0,0,0
1416299017.55013,pg_catalog,pg_am,58613,58613,0,0,0,0,0,0,0,0,7830,50783,0,0,,,,
1416299017.55013,pg_catalog,pg_largeobject_metadata,0,0,0,0,0,0,0,0,0,0,0,0,0,0,,,,
1416299017.55013,pg_catalog,pg_ts_config_map,0,0,0,0,0,0,0,0,0,0,0,0,0,0,,,,
1416299017.55013,pg_catalog,pg_type,0,0,1154717,1145221,2578,0,2559,0,349,2,25185,1131523,31836,2334125,,,,
1416299017.55013,pg_catalog,pg_shdepend,0,0,7266,1346,0,0,0,0,0,0,625,721,2655,7213,,,,
1416299017.55013,public,lineitem,18,599920137,69,772685,60045669,0,0,0,60045486,0,10258420,4485487,109897,1305677,,,,
1416299017.55013,information_schema,sql_sizing,0,0,,,0,0,0,0,0,0,0,0,,,0,0,0,0
1416299017.55013,public,customer,9,9000000,28,28,1500000,0,0,0,1500000,0,68533,294885,6,86,,,,
1416299017.55013,pg_catalog,pg_conversion,0,0,0,0,0,0,0,0,0,0,0,0,0,0,,,,
1416299017.55013,pg_catalog,pg_foreign_data_wrapper,0,0,0,0,0,0,0,0,0,0,0,0,0,0,,,,
1416299017.55013,pg_catalog,pg_opfamily,0,0,0,0,0,0,0,0,0,0,0,0,0,0,,,,
1416299017.55013,public,nation,11,75,3289693,3289693,25,0,0,0,25,0,2,3289696,4,3289700,,,,
1416299017.55013,pg_catalog,pg_shdescription,0,0,0,0,0,0,0,0,0,0,0,0,0,0,0,0,0,0
1416299017.55013,pg_catalog,pg_tablespace,2,4,42630,42630,0,0,0,0,0,0,6237,36395,12508,72752,,,,
1416299017.55013,pg_catalog,pg_inherits,0,0,1295,0,0,0,0,0,0,0,0,0,638,657,,,,
1416299017.55013,pg_toast,pg_toast_2606,0,0,0,0,0,0,0,0,0,0,0,0,0,0,,,,
1416299017.55013,public,orders,10,60000000,3264037,3264037,15015000,0,0,0,15015000,0,758078,4570106,43912,9901618,,,,
1416299017.55013,pg_toast,pg_toast_2964,0,0,0,0,0,0,0,0,0,0,0,0,0,0,,,,
1416299017.55013,pg_catalog,pg_database,10745,42266,238665,238663,1,0,0,0,1,0,8161,241248,36926,323434,,,,
1416299017.55013,pg_toast,pg_toast_2620,0,0,0,0,0,0,0,0,0,0,0,0,0,0,,,,
1416299017.55013,pg_toast,pg_toast_12213,0,0,0,0,0,0,0,0,0,0,0,0,0,0,,,,
1416299017.55013,pg_catalog,pg_amproc,838,1676,217790,323827,0,0,0,0,0,0,9963,204792,26737,466269,,,,
1416299017.55013,pg_catalog,pg_collation,0,0,0,0,0,0,0,0,0,0,0,0,0,0,,,,
1416299017.55013,pg_catalog,pg_constraint,0,0,488,240,248,0,240,0,10,16,138,1383,250,2478,0,0,0,0
1416299017.55013,pg_catalog,pg_range,0,0,9122,0,0,0,0,0,0,0,0,0,7543,10701,,,,
1416299017.55013,public,region,6417,32060,12,12,5,0,0,0,5,0,2,6424,4,12,,,,
1416299017.55013,pg_catalog,pg_user_mapping,0,0,0,0,0,0,0,0,0,0,0,0,0,0,,,,
1416299017.55013,pg_catalog,pg_largeobject,0,0,0,0,0,0,0,0,0,0,0,0,0,0,,,,
1416299017.55013,pg_catalog,pg_namespace,8073,243868,640367,586422,40,0,0,0,40,0,6828,587768,18377,683548,,,,
1416299017.55013,pg_catalog,pg_authid,4044,4044,108532,108532,0,0,0,0,0,0,7016,105560,26110,190954,,,,
1416299017.55013,pg_toast,pg_toast_12193,0,0,0,0,0,0,0,0,0,0,0,0,0,0,,,,
1416299017.55013,pg_catalog,pg_index,18245,2100412,489672,699499,1187,0,1159,0,138,35,30393,699384,28582,557218,,,,
1416299017.55013,pg_catalog,pg_ts_dict,0,0,0,0,0,0,0,0,0,0,0,0,0,0,,,,
1416299017.55013,information_schema,sql_features,0,0,,,0,0,0,0,0,0,0,0,,,0,0,0,0
1416299017.55013,pg_catalog,pg_class,45222,11194031,1943767,1868480,2492,666,2454,645,326,71,74827,2235001,61204,3931978,,,,
1416299017.55013,pg_toast,pg_toast_12183,0,0,0,0,0,0,0,0,0,0,0,0,0,0,,,,
1416299017.55013,information_schema,sql_sizing_profiles,0,0,,,0,0,0,0,0,0,0,0,,,0,0,0,0
1416299017.55013,pg_toast,pg_toast_2396,0,0,0,0,0,0,0,0,0,0,0,0,0,0,,,,
1416299017.55013,pg_catalog,pg_enum,0,0,0,0,0,0,0,0,0,0,0,0,0,0,,,,
1416299017.55013,pg_catalog,pg_db_role_setting,0,0,182718,0,0,0,0,0,0,0,0,0,8036,174682,0,0,0,0
1416299017.55013,pg_catalog,pg_seclabel,0,0,5919,0,0,0,0,0,0,0,0,0,642,5277,0,0,0,0
1416299017.55013,pg_toast,pg_toast_2609,0,0,0,0,0,0,0,0,0,0,0,0,0,0,,,,
1416299017.55013,pg_toast,pg_toast_1255,0,0,0,0,0,0,0,0,0,0,0,0,0,0,,,,
1416299017.55013,pg_catalog,pg_rewrite,0,0,30817,28819,666,0,666,0,106,55,13393,20716,5707,47017,10916,15995,4165,19033
1416299017.55013,pg_catalog,pg_ts_config,0,0,0,0,0,0,0,0,0,0,0,0,0,0,,,,
1416299017.55013,pg_catalog,pg_extension,0,0,0,0,0,0,0,0,0,0,0,0,0,0,,,,
1416299017.55013,pg_catalog,pg_amop,0,0,448772,631279,0,0,0,0,0,0,20956,610323,35867,931784,,,,
1416299017.55013,pg_catalog,pg_cast,0,0,1473888,395399,0,0,0,0,0,0,9135,386264,11567,1514829,,,,
1416299017.55013,public,part,10,16000000,41,2000040,2000000,0,0,0,2000000,0,119529,409551,5475,123,,,,
1416299017.55013,pg_toast,pg_toast_2619,0,0,78531,258565,3739,0,3488,0,267,6,22760,106877,2277,159839,,,,
1416299017.55013,pg_toast,pg_toast_2604,0,0,0,0,0,0,0,0,0,0,0,0,0,0,,,,
1416299077.55061,public,time_statistics,8,43,,,10,8,0,8,10,8,2,24,,,,,,
1416299077.55061,pg_catalog,pg_auth_members,0,0,0,0,0,0,0,0,0,0,0,0,0,0,,,,
1416299077.55061,pg_catalog,pg_operator,0,0,350975,1569196,0,0,0,0,0,0,62004,1061979,47108,736355,,,,
1416299077.55061,pg_catalog,pg_aggregate,0,0,23740,23740,0,0,0,0,0,0,4783,18957,9665,32502,,,,
1416299077.55061,pg_catalog,pg_pltemplate,0,0,0,0,0,0,0,0,0,0,0,0,0,0,,,,
1416299077.55061,pg_toast,pg_toast_12188,0,0,0,0,0,0,0,0,0,0,0,0,0,0,,,,
1416299077.55061,pg_catalog,pg_description,0,0,5919,0,0,0,0,0,0,0,0,0,2060,11073,0,0,0,0
1416299077.55061,pg_catalog,pg_language,0,0,0,0,0,0,0,0,0,0,0,0,0,0,,,,
1416299077.55061,public,partsupp,4,24000000,48034,9699519,8000000,0,0,0,8000000,0,511569,2814111,37564,133255,,,,
1416299077.55061,pg_catalog,pg_ts_parser,0,0,0,0,0,0,0,0,0,0,0,0,0,0,,,,
1416299077.55061,pg_catalog,pg_shseclabel,0,0,0,0,0,0,0,0,0,0,0,0,0,0,,,,
1416299077.55061,pg_catalog,pg_foreign_table,0,0,0,0,0,0,0,0,0,0,0,0,0,0,,,,
1416299077.55061,information_schema,sql_packages,0,0,,,0,0,0,0,0,0,0,0,,,0,0,0,0
1416299077.55061,information_schema,sql_parts,0,0,,,0,0,0,0,0,0,0,0,,,0,0,0,0
1416299077.55061,pg_catalog,pg_attrdef,0,0,0,0,0,0,0,0,0,0,0,0,0,0,0,0,0,0
1416299077.55061,pg_catalog,pg_ts_template,0,0,0,0,0,0,0,0,0,0,0,0,0,0,,,,
1416299077.55061,pg_catalog,pg_foreign_server,0,0,0,0,0,0,0,0,0,0,0,0,0,0,,,,
1416299077.55061,pg_catalog,pg_default_acl,0,0,5220,0,0,0,0,0,0,0,0,0,589,4631,,,,
1416299077.55061,pg_toast,pg_toast_12198,0,0,0,0,0,0,0,0,0,0,0,0,0,0,,,,
1416299077.55061,pg_toast,pg_toast_12208,0,0,0,0,0,0,0,0,0,0,0,0,0,0,,,,
1416299077.55061,pg_catalog,pg_attribute,4609,30587,1332808,2672378,9536,310,9358,274,2425,12,103546,1333451,45899,2723630,,,,
1416299077.55061,public,supplier,12,600000,3289701,3289701,100000,0,0,0,100000,0,4491,3307528,280,6597133,,,,
1416299077.55061,pg_catalog,pg_statistic,0,0,315036,256641,2192,5435,2129,4906,515,0,45427,227350,21514,657571,22763,106924,2277,159916
1416299077.55061,pg_toast,pg_toast_12203,0,0,0,0,0,0,0,0,0,0,0,0,0,0,,,,
1416299077.55061,pg_toast,pg_toast_2618,0,0,15412,50043,0,0,0,0,0,0,10919,16006,4165,19045,,,,
1416299077.55061,pg_toast,pg_toast_3596,0,0,0,0,0,0,0,0,0,0,0,0,0,0,,,,
1416299077.55061,pg_catalog,pg_depend,0,0,54826,59013,10089,0,9999,0,6294,665,9969,69785,16511,140127,,,,
1416299077.55061,information_schema,sql_languages,0,0,,,0,0,0,0,0,0,0,0,,,0,0,0,0
1416299077.55061,pg_catalog,pg_opclass,838,838,283454,3066262,0,0,0,0,0,0,13369,1059597,26421,340409,,,,
1416299077.55061,pg_catalog,pg_proc,0,0,570830,840731,0,0,0,0,0,0,80298,571170,72812,1193912,0,0,0,0
1416299077.55061,information_schema,sql_implementation_info,0,0,,,0,0,0,0,0,0,0,0,,,0,0,0,0
1416299077.55061,pg_catalog,pg_trigger,0,0,0,0,0,0,0,0,0,0,0,0,0,0,0,0,0,0
1416299077.55061,pg_catalog,pg_am,58633,58633,0,0,0,0,0,0,0,0,7830,50803,0,0,,,,
1416299077.55061,pg_catalog,pg_largeobject_metadata,0,0,0,0,0,0,0,0,0,0,0,0,0,0,,,,
1416299077.55061,pg_catalog,pg_ts_config_map,0,0,0,0,0,0,0,0,0,0,0,0,0,0,,,,
1416299077.55061,pg_catalog,pg_type,0,0,1155122,1145626,2578,0,2559,0,349,2,25185,1131928,31836,2334955,,,,
1416299077.55061,pg_catalog,pg_shdepend,0,0,7266,1346,0,0,0,0,0,0,625,721,2655,7213,,,,
1416299077.55061,public,lineitem,18,599920137,90922,12566594,60045669,0,0,0,60045486,0,11374907,7048267,160562,1656986,,,,
1416299077.55061,information_schema,sql_sizing,0,0,,,0,0,0,0,0,0,0,0,,,0,0,0,0
1416299077.55061,public,customer,9,9000000,28,28,1500000,0,0,0,1500000,0,68533,294885,6,86,,,,
1416299077.55061,pg_catalog,pg_conversion,0,0,0,0,0,0,0,0,0,0,0,0,0,0,,,,
1416299077.55061,pg_catalog,pg_foreign_data_wrapper,0,0,0,0,0,0,0,0,0,0,0,0,0,0,,,,
1416299077.55061,pg_catalog,pg_opfamily,0,0,0,0,0,0,0,0,0,0,0,0,0,0,,,,
1416299077.55061,public,nation,12,100,3289695,3289695,25,0,0,0,25,0,2,3289699,4,3289703,,,,
1416299077.55061,pg_catalog,pg_shdescription,0,0,0,0,0,0,0,0,0,0,0,0,0,0,0,0,0,0
1416299077.55061,pg_catalog,pg_tablespace,2,4,42645,42645,0,0,0,0,0,0,6237,36410,12508,72782,,,,
1416299077.55061,pg_catalog,pg_inherits,0,0,1295,0,0,0,0,0,0,0,0,0,638,657,,,,
1416299077.55061,pg_toast,pg_toast_2606,0,0,0,0,0,0,0,0,0,0,0,0,0,0,,,,
1416299077.55061,public,orders,10,60000000,3264037,3264037,15015000,0,0,0,15015000,0,758078,4570106,43912,9901618,,,,
1416299077.55061,pg_toast,pg_toast_2964,0,0,0,0,0,0,0,0,0,0,0,0,0,0,,,,
1416299077.55061,pg_catalog,pg_database,10749,42282,238736,238734,1,0,0,0,1,0,8161,241323,36926,323547,,,,
1416299077.55061,pg_toast,pg_toast_2620,0,0,0,0,0,0,0,0,0,0,0,0,0,0,,,,
1416299077.55061,pg_toast,pg_toast_12213,0,0,0,0,0,0,0,0,0,0,0,0,0,0,,,,
1416299077.55061,pg_catalog,pg_amproc,838,1676,217847,323918,0,0,0,0,0,0,9963,204848,26737,466403,,,,
1416299077.55061,pg_catalog,pg_collation,0,0,0,0,0,0,0,0,0,0,0,0,0,0,,,,
1416299077.55061,pg_catalog,pg_constraint,0,0,488,240,248,0,240,0,10,16,138,1383,250,2478,0,0,0,0
1416299077.55061,pg_catalog,pg_range,0,0,9125,0,0,0,0,0,0,0,0,0,7545,10705,,,,
1416299077.55061,public,region,6417,32060,12,12,5,0,0,0,5,0,2,6424,4,12,,,,
1416299077.55061,pg_catalog,pg_user_mapping,0,0,0,0,0,0,0,0,0,0,0,0,0,0,,,,
1416299077.55061,pg_catalog,pg_largeobject,0,0,0,0,0,0,0,0,0,0,0,0,0,0,,,,
1416299077.55061,pg_catalog,pg_namespace,8077,244052,640696,586733,40,0,0,0,40,0,6828,588083,18378,683896,,,,
1416299077.55061,pg_catalog,pg_authid,4045,4045,108570,108570,0,0,0,0,0,0,7016,105599,26110,191030,,,,
1416299077.55061,pg_toast,pg_toast_12193,0,0,0,0,0,0,0,0,0,0,0,0,0,0,,,,
1416299077.55061,pg_catalog,pg_index,18253,2101516,489799,699676,1187,0,1159,0,138,35,30393,699583,28582,557377,,,,
1416299077.55061,pg_catalog,pg_ts_dict,0,0,0,0,0,0,0,0,0,0,0,0,0,0,,,,
1416299077.55061,information_schema,sql_features,0,0,,,0,0,0,0,0,0,0,0,,,0,0,0,0
1416299077.55061,pg_catalog,pg_class,45240,11199330,1944552,1869251,2492,666,2454,645,326,71,74828,2235953,61204,3933588,,,,
1416299077.55061,pg_toast,pg_toast_12183,0,0,0,0,0,0,0,0,0,0,0,0,0,0,,,,
1416299077.55061,information_schema,sql_sizing_profiles,0,0,,,0,0,0,0,0,0,0,0,,,0,0,0,0
1416299077.55061,pg_toast,pg_toast_2396,0,0,0,0,0,0,0,0,0,0,0,0,0,0,,,,
1416299077.55061,pg_catalog,pg_enum,0,0,0,0,0,0,0,0,0,0,0,0,0,0,,,,
1416299077.55061,pg_catalog,pg_db_role_setting,0,0,182781,0,0,0,0,0,0,0,0,0,8036,174745,0,0,0,0
1416299077.55061,pg_catalog,pg_seclabel,0,0,5919,0,0,0,0,0,0,0,0,0,642,5277,0,0,0,0
1416299077.55061,pg_toast,pg_toast_2609,0,0,0,0,0,0,0,0,0,0,0,0,0,0,,,,
1416299077.55061,pg_toast,pg_toast_1255,0,0,0,0,0,0,0,0,0,0,0,0,0,0,,,,
1416299077.55061,pg_catalog,pg_rewrite,0,0,30830,28832,666,0,666,0,106,55,13396,20726,5707,47039,10919,16006,4165,19045
1416299077.55061,pg_catalog,pg_ts_config,0,0,0,0,0,0,0,0,0,0,0,0,0,0,,,,
1416299077.55061,pg_catalog,pg_extension,0,0,0,0,0,0,0,0,0,0,0,0,0,0,,,,
1416299077.55061,pg_catalog,pg_amop,0,0,448881,631431,0,0,0,0,0,0,20956,610475,35867,932025,,,,
1416299077.55061,pg_catalog,pg_cast,0,0,1474286,395523,0,0,0,0,0,0,9135,386388,11567,1515245,,,,
1416299077.55061,public,part,10,16000000,47,2023756,2000000,0,0,0,2000000,0,121478,426519,5643,131,,,,
1416299077.55061,pg_toast,pg_toast_2619,0,0,78565,258678,3739,0,3488,0,267,6,22763,106924,2277,159916,,,,
1416299077.55061,pg_toast,pg_toast_2604,0,0,0,0,0,0,0,0,0,0,0,0,0,0,,,,
1416299137.55224,public,time_statistics,10,64,,,12,10,0,10,12,10,2,30,,,,,,
1416299137.55224,pg_catalog,pg_auth_members,0,0,0,0,0,0,0,0,0,0,0,0,0,0,,,,
1416299137.55224,pg_catalog,pg_operator,0,0,351050,1569537,0,0,0,0,0,0,62004,1062222,47108,736529,,,,
1416299137.55224,pg_catalog,pg_aggregate,0,0,23744,23744,0,0,0,0,0,0,4783,18961,9665,32510,,,,
1416299137.55224,pg_catalog,pg_pltemplate,0,0,0,0,0,0,0,0,0,0,0,0,0,0,,,,
1416299137.55224,pg_toast,pg_toast_12188,0,0,0,0,0,0,0,0,0,0,0,0,0,0,,,,
1416299137.55224,pg_catalog,pg_description,0,0,5919,0,0,0,0,0,0,0,0,0,2060,11073,0,0,0,0
1416299137.55224,pg_catalog,pg_language,0,0,0,0,0,0,0,0,0,0,0,0,0,0,,,,
1416299137.55224,public,partsupp,4,24000000,48034,9699519,8000000,0,0,0,8000000,0,511569,2814111,37564,133255,,,,
1416299137.55224,pg_catalog,pg_ts_parser,0,0,0,0,0,0,0,0,0,0,0,0,0,0,,,,
1416299137.55224,pg_catalog,pg_shseclabel,0,0,0,0,0,0,0,0,0,0,0,0,0,0,,,,
1416299137.55224,pg_catalog,pg_foreign_table,0,0,0,0,0,0,0,0,0,0,0,0,0,0,,,,
1416299137.55224,information_schema,sql_packages,0,0,,,0,0,0,0,0,0,0,0,,,0,0,0,0
1416299137.55224,information_schema,sql_parts,0,0,,,0,0,0,0,0,0,0,0,,,0,0,0,0
1416299137.55224,pg_catalog,pg_attrdef,0,0,0,0,0,0,0,0,0,0,0,0,0,0,0,0,0,0
1416299137.55224,pg_catalog,pg_ts_template,0,0,0,0,0,0,0,0,0,0,0,0,0,0,,,,
1416299137.55224,pg_catalog,pg_foreign_server,0,0,0,0,0,0,0,0,0,0,0,0,0,0,,,,
1416299137.55224,pg_catalog,pg_default_acl,0,0,5220,0,0,0,0,0,0,0,0,0,589,4631,,,,
1416299137.55224,pg_toast,pg_toast_12198,0,0,0,0,0,0,0,0,0,0,0,0,0,0,,,,
1416299137.55224,pg_toast,pg_toast_12208,0,0,0,0,0,0,0,0,0,0,0,0,0,0,,,,
1416299137.55224,pg_catalog,pg_attribute,4609,30587,1333297,2673245,9536,310,9358,274,2425,12,103551,1333938,45899,2724625,,,,
1416299137.55224,public,supplier,12,600000,3314555,3314555,100000,0,0,0,100000,0,6670,3330203,556,6646690,,,,
1416299137.55224,pg_catalog,pg_statistic,0,0,315126,256711,2192,5435,2129,4906,515,0,45430,227417,21514,657765,22773,106954,2277,159985
1416299137.55224,pg_toast,pg_toast_12203,0,0,0,0,0,0,0,0,0,0,0,0,0,0,,,,
1416299137.55224,pg_toast,pg_toast_2618,0,0,15420,50069,0,0,0,0,0,0,10919,16020,4165,19057,,,,
1416299137.55224,pg_toast,pg_toast_3596,0,0,0,0,0,0,0,0,0,0,0,0,0,0,,,,
1416299137.55224,pg_catalog,pg_depend,0,0,54826,59013,10089,0,9999,0,6294,665,9969,69785,16511,140127,,,,
1416299137.55224,information_schema,sql_languages,0,0,,,0,0,0,0,0,0,0,0,,,0,0,0,0
1416299137.55224,pg_catalog,pg_opclass,838,838,283518,3066942,0,0,0,0,0,0,13369,1059831,26421,340497,,,,
1416299137.55224,pg_catalog,pg_proc,0,0,571032,841024,0,0,0,0,0,0,80302,571403,72812,1194359,0,0,0,0
1416299137.55224,information_schema,sql_implementation_info,0,0,,,0,0,0,0,0,0,0,0,,,0,0,0,0
1416299137.55224,pg_catalog,pg_trigger,0,0,0,0,0,0,0,0,0,0,0,0,0,0,0,0,0,0
1416299137.55224,pg_catalog,pg_am,58650,58650,0,0,0,0,0,0,0,0,7830,50820,0,0,,,,
1416299137.55224,pg_catalog,pg_largeobject_metadata,0,0,0,0,0,0,0,0,0,0,0,0,0,0,,,,
1416299137.55224,pg_catalog,pg_ts_config_map,0,0,0,0,0,0,0,0,0,0,0,0,0,0,,,,
1416299137.55224,pg_catalog,pg_type,0,0,1155477,1145981,2578,0,2559,0,349,2,25185,1132283,31839,2335679,,,,
1416299137.55224,pg_catalog,pg_shdepend,0,0,7266,1346,0,0,0,0,0,0,625,721,2655,7213,,,,
1416299137.55224,public,lineitem,20,720011475,104374,12970445,60045669,0,0,0,60045486,0,11899563,9060412,176819,1696556,,,,
1416299137.55224,information_schema,sql_sizing,0,0,,,0,0,0,0,0,0,0,0,,,0,0,0,0
1416299137.55224,public,customer,10,10500000,41,299874,1500000,0,0,0,1500000,0,103811,440210,844,111,,,,
1416299137.55224,pg_catalog,pg_conversion,0,0,0,0,0,0,0,0,0,0,0,0,0,0,,,,
1416299137.55224,pg_catalog,pg_foreign_data_wrapper,0,0,0,0,0,0,0,0,0,0,0,0,0,0,,,,
1416299137.55224,pg_catalog,pg_opfamily,0,0,0,0,0,0,0,0,0,0,0,0,0,0,,,,
1416299137.55224,public,nation,13,125,3314551,3314551,25,0,0,0,25,0,3,3314555,6,3314558,,,,
1416299137.55224,pg_catalog,pg_shdescription,0,0,0,0,0,0,0,0,0,0,0,0,0,0,0,0,0,0
1416299137.55224,pg_catalog,pg_tablespace,2,4,42659,42659,0,0,0,0,0,0,6237,36424,12508,72810,,,,
1416299137.55224,pg_catalog,pg_inherits,0,0,1295,0,0,0,0,0,0,0,0,0,638,657,,,,
1416299137.55224,pg_toast,pg_toast_2606,0,0,0,0,0,0,0,0,0,0,0,0,0,0,,,,
1416299137.55224,public,orders,11,75015000,3264046,7826006,15015000,0,0,0,15015000,0,1029659,4805577,56374,9901638,,,,
1416299137.55224,pg_toast,pg_toast_2964,0,0,0,0,0,0,0,0,0,0,0,0,0,0,,,,
1416299137.55224,pg_catalog,pg_database,10753,42298,238805,238803,1,0,0,0,1,0,8161,241396,36926,323652,,,,
1416299137.55224,pg_toast,pg_toast_2620,0,0,0,0,0,0,0,0,0,0,0,0,0,0,,,,
1416299137.55224,pg_toast,pg_toast_12213,0,0,0,0,0,0,0,0,0,0,0,0,0,0,,,,
1416299137.55224,pg_catalog,pg_amproc,838,1676,217903,324001,0,0,0,0,0,0,9963,204903,26737,466532,,,,
1416299137.55224,pg_catalog,pg_collation,0,0,0,0,0,0,0,0,0,0,0,0,0,0,,,,
1416299137.55224,pg_catalog,pg_constraint,0,0,488,240,248,0,240,0,10,16,138,1383,250,2478,0,0,0,0
1416299137.55224,pg_catalog,pg_range,0,0,9128,0,0,0,0,0,0,0,0,0,7545,10711,,,,
1416299137.55224,public,region,6418,32065,14,14,5,0,0,0,5,0,3,6426,6,13,,,,
1416299137.55224,pg_catalog,pg_user_mapping,0,0,0,0,0,0,0,0,0,0,0,0,0,0,,,,
1416299137.55224,pg_catalog,pg_largeobject,0,0,0,0,0,0,0,0,0,0,0,0,0,0,,,,
1416299137.55224,pg_catalog,pg_namespace,8081,244236,641019,587040,40,0,0,0,40,0,6828,588394,18378,684237,,,,
1416299137.55224,pg_catalog,pg_authid,4048,4048,108602,108602,0,0,0,0,0,0,7016,105634,26110,191094,,,,
1416299137.55224,pg_toast,pg_toast_12193,0,0,0,0,0,0,0,0,0,0,0,0,0,0,,,,
1416299137.55224,pg_catalog,pg_index,18261,2102620,489928,699858,1187,0,1159,0,138,35,30393,699782,28582,557535,,,,
1416299137.55224,pg_catalog,pg_ts_dict,0,0,0,0,0,0,0,0,0,0,0,0,0,0,,,,
1416299137.55224,information_schema,sql_features,0,0,,,0,0,0,0,0,0,0,0,,,0,0,0,0
1416299137.55224,pg_catalog,pg_class,45257,11204303,1945334,1870019,2492,666,2454,645,326,71,74828,2236893,61204,3935187,,,,
1416299137.55224,pg_toast,pg_toast_12183,0,0,0,0,0,0,0,0,0,0,0,0,0,0,,,,
1416299137.55224,information_schema,sql_sizing_profiles,0,0,,,0,0,0,0,0,0,0,0,,,0,0,0,0
1416299137.55224,pg_toast,pg_toast_2396,0,0,0,0,0,0,0,0,0,0,0,0,0,0,,,,
1416299137.55224,pg_catalog,pg_enum,0,0,0,0,0,0,0,0,0,0,0,0,0,0,,,,
1416299137.55224,pg_catalog,pg_db_role_setting,0,0,182835,0,0,0,0,0,0,0,0,0,8036,174799,0,0,0,0
1416299137.55224,pg_catalog,pg_seclabel,0,0,5919,0,0,0,0,0,0,0,0,0,642,5277,0,0,0,0
1416299137.55224,pg_toast,pg_toast_2609,0,0,0,0,0,0,0,0,0,0,0,0,0,0,,,,
1416299137.55224,pg_toast,pg_toast_1255,0,0,0,0,0,0,0,0,0,0,0,0,0,0,,,,
1416299137.55224,pg_catalog,pg_rewrite,0,0,30844,28846,666,0,666,0,106,55,13396,20740,5707,47063,10919,16020,4165,19057
1416299137.55224,pg_catalog,pg_ts_config,0,0,0,0,0,0,0,0,0,0,0,0,0,0,,,,
1416299137.55224,pg_catalog,pg_extension,0,0,0,0,0,0,0,0,0,0,0,0,0,0,,,,
1416299137.55224,pg_catalog,pg_amop,0,0,448997,631593,0,0,0,0,0,0,20956,610637,35867,932279,,,,
1416299137.55224,pg_catalog,pg_cast,0,0,1474683,395629,0,0,0,0,0,0,9135,386494,11567,1515658,,,,
1416299137.55224,public,part,10,16000000,52,2037200,2000000,0,0,0,2000000,0,132882,426524,5728,144,,,,
1416299137.55224,pg_toast,pg_toast_2619,0,0,78596,258767,3739,0,3488,0,267,6,22773,106954,2277,159985,,,,
1416299137.55224,pg_toast,pg_toast_2604,0,0,0,0,0,0,0,0,0,0,0,0,0,0,,,,
1416299197.55576,public,time_statistics,11,76,,,13,11,0,11,13,11,2,33,,,,,,
1416299197.55576,pg_catalog,pg_auth_members,0,0,0,0,0,0,0,0,0,0,0,0,0,0,,,,
1416299197.55576,pg_catalog,pg_operator,0,0,351098,1569643,0,0,0,0,0,0,62004,1062306,47108,736644,,,,
1416299197.55576,pg_catalog,pg_aggregate,0,0,23747,23747,0,0,0,0,0,0,4783,18964,9665,32516,,,,
1416299197.55576,pg_catalog,pg_pltemplate,0,0,0,0,0,0,0,0,0,0,0,0,0,0,,,,
1416299197.55576,pg_toast,pg_toast_12188,0,0,0,0,0,0,0,0,0,0,0,0,0,0,,,,
1416299197.55576,pg_catalog,pg_description,0,0,5919,0,0,0,0,0,0,0,0,0,2060,11073,0,0,0,0
1416299197.55576,pg_catalog,pg_language,0,0,0,0,0,0,0,0,0,0,0,0,0,0,,,,
1416299197.55576,public,partsupp,4,24000000,48034,9699519,8000000,0,0,0,8000000,0,511569,2814111,37564,133255,,,,
1416299197.55576,pg_catalog,pg_ts_parser,0,0,0,0,0,0,0,0,0,0,0,0,0,0,,,,
1416299197.55576,pg_catalog,pg_shseclabel,0,0,0,0,0,0,0,0,0,0,0,0,0,0,,,,
1416299197.55576,pg_catalog,pg_foreign_table,0,0,0,0,0,0,0,0,0,0,0,0,0,0,,,,
1416299197.55576,information_schema,sql_packages,0,0,,,0,0,0,0,0,0,0,0,,,0,0,0,0
1416299197.55576,information_schema,sql_parts,0,0,,,0,0,0,0,0,0,0,0,,,0,0,0,0
1416299197.55576,pg_catalog,pg_attrdef,0,0,0,0,0,0,0,0,0,0,0,0,0,0,0,0,0,0
1416299197.55576,pg_catalog,pg_ts_template,0,0,0,0,0,0,0,0,0,0,0,0,0,0,,,,
1416299197.55576,pg_catalog,pg_foreign_server,0,0,0,0,0,0,0,0,0,0,0,0,0,0,,,,
1416299197.55576,pg_catalog,pg_default_acl,0,0,5220,0,0,0,0,0,0,0,0,0,589,4631,,,,
1416299197.55576,pg_toast,pg_toast_12198,0,0,0,0,0,0,0,0,0,0,0,0,0,0,,,,
1416299197.55576,pg_toast,pg_toast_12208,0,0,0,0,0,0,0,0,0,0,0,0,0,0,,,,
1416299197.55576,pg_catalog,pg_attribute,4609,30587,1333701,2673931,9536,310,9358,274,2425,12,103551,1334345,45899,2725446,,,,
1416299197.55576,public,supplier,12,600000,3314560,3318613,100000,0,0,0,100000,0,6670,3332060,570,6646699,,,,
1416299197.55576,pg_catalog,pg_statistic,0,0,315188,256760,2192,5435,2129,4906,515,0,45431,227465,21514,657900,22776,106972,2277,160026
1416299197.55576,pg_toast,pg_toast_12203,0,0,0,0,0,0,0,0,0,0,0,0,0,0,,,,
1416299197.55576,pg_toast,pg_toast_2618,0,0,15428,50095,0,0,0,0,0,0,10922,16031,4165,19069,,,,
1416299197.55576,pg_toast,pg_toast_3596,0,0,0,0,0,0,0,0,0,0,0,0,0,0,,,,
1416299197.55576,pg_catalog,pg_depend,0,0,54826,59013,10089,0,9999,0,6294,665,9969,69785,16511,140127,,,,
1416299197.55576,information_schema,sql_languages,0,0,,,0,0,0,0,0,0,0,0,,,0,0,0,0
1416299197.55576,pg_catalog,pg_opclass,838,838,283565,3067453,0,0,0,0,0,0,13369,1060002,26421,340564,,,,
1416299197.55576,pg_catalog,pg_proc,0,0,571196,841252,0,0,0,0,0,0,80306,571590,72812,1194720,0,0,0,0
1416299197.55576,information_schema,sql_implementation_info,0,0,,,0,0,0,0,0,0,0,0,,,0,0,0,0
1416299197.55576,pg_catalog,pg_trigger,0,0,0,0,0,0,0,0,0,0,0,0,0,0,0,0,0,0
1416299197.55576,pg_catalog,pg_am,58663,58663,0,0,0,0,0,0,0,0,7830,50833,0,0,,,,
1416299197.55576,pg_catalog,pg_largeobject_metadata,0,0,0,0,0,0,0,0,0,0,0,0,0,0,,,,
1416299197.55576,pg_catalog,pg_ts_config_map,0,0,0,0,0,0,0,0,0,0,0,0,0,0,,,,
1416299197.55576,pg_catalog,pg_type,0,0,1155696,1146200,2578,0,2559,0,349,2,25185,1132502,31839,2336129,,,,
1416299197.55576,pg_catalog,pg_shdepend,0,0,7266,1346,0,0,0,0,0,0,625,721,2655,7213,,,,
1416299197.55576,public,lineitem,22,840102813,821114,14286134,60045669,0,0,0,60045486,0,13007830,10814399,339342,4404703,,,,
1416299197.55576,information_schema,sql_sizing,0,0,,,0,0,0,0,0,0,0,0,,,0,0,0,0
1416299197.55576,public,customer,10,10500000,41,299874,1500000,0,0,0,1500000,0,103811,440210,844,111,,,,
1416299197.55576,pg_catalog,pg_conversion,0,0,0,0,0,0,0,0,0,0,0,0,0,0,,,,
1416299197.55576,pg_catalog,pg_foreign_data_wrapper,0,0,0,0,0,0,0,0,0,0,0,0,0,0,,,,
1416299197.55576,pg_catalog,pg_opfamily,0,0,0,0,0,0,0,0,0,0,0,0,0,0,,,,
1416299197.55576,public,nation,14,150,3314553,3314553,25,0,0,0,25,0,3,3314558,6,3314561,,,,
1416299197.55576,pg_catalog,pg_shdescription,0,0,0,0,0,0,0,0,0,0,0,0,0,0,0,0,0,0
1416299197.55576,pg_catalog,pg_tablespace,2,4,42670,42670,0,0,0,0,0,0,6237,36435,12508,72832,,,,
1416299197.55576,pg_catalog,pg_inherits,0,0,1295,0,0,0,0,0,0,0,0,0,638,657,,,,
1416299197.55576,pg_toast,pg_toast_2606,0,0,0,0,0,0,0,0,0,0,0,0,0,0,,,,
1416299197.55576,public,orders,11,75015000,4747374,9309334,15015000,0,0,0,15015000,0,1088255,6230309,97581,14318574,,,,
1416299197.55576,pg_toast,pg_toast_2964,0,0,0,0,0,0,0,0,0,0,0,0,0,0,,,,
1416299197.55576,pg_catalog,pg_database,10757,42314,238855,238853,1,0,0,0,1,0,8161,241450,36926,323730,,,,
1416299197.55576,pg_toast,pg_toast_2620,0,0,0,0,0,0,0,0,0,0,0,0,0,0,,,,
1416299197.55576,pg_toast,pg_toast_12213,0,0,0,0,0,0,0,0,0,0,0,0,0,0,,,,
1416299197.55576,pg_catalog,pg_amproc,838,1676,217945,324064,0,0,0,0,0,0,9963,204944,26737,466629,,,,
1416299197.55576,pg_catalog,pg_collation,0,0,0,0,0,0,0,0,0,0,0,0,0,0,,,,
1416299197.55576,pg_catalog,pg_constraint,0,0,488,240,248,0,240,0,10,16,138,1383,250,2478,0,0,0,0
1416299197.55576,pg_catalog,pg_range,0,0,9129,0,0,0,0,0,0,0,0,0,7545,10713,,,,
1416299197.55576,public,region,6418,32065,14,14,5,0,0,0,5,0,3,6426,6,13,,,,
1416299197.55576,pg_catalog,pg_user_mapping,0,0,0,0,0,0,0,0,0,0,0,0,0,0,,,,
1416299197.55576,pg_catalog,pg_largeobject,0,0,0,0,0,0,0,0,0,0,0,0,0,0,,,,
1416299197.55576,pg_catalog,pg_namespace,8085,244420,641330,587339,40,0,0,0,40,0,6828,588697,18379,684561,,,,
1416299197.55576,pg_catalog,pg_authid,4049,4049,108626,108626,0,0,0,0,0,0,7016,105659,26110,191142,,,,
1416299197.55576,pg_toast,pg_toast_12193,0,0,0,0,0,0,0,0,0,0,0,0,0,0,,,,
1416299197.55576,pg_catalog,pg_index,18269,2103724,490015,699974,1187,0,1159,0,138,35,30393,699920,28582,557645,,,,
1416299197.55576,pg_catalog,pg_ts_dict,0,0,0,0,0,0,0,0,0,0,0,0,0,0,,,,
1416299197.55576,information_schema,sql_features,0,0,,,0,0,0,0,0,0,0,0,,,0,0,0,0
1416299197.55576,pg_catalog,pg_class,45275,11209602,1946042,1870721,2492,666,2454,645,326,71,74829,2237776,61204,3936630,,,,
1416299197.55576,pg_toast,pg_toast_12183,0,0,0,0,0,0,0,0,0,0,0,0,0,0,,,,
1416299197.55576,information_schema,sql_sizing_profiles,0,0,,,0,0,0,0,0,0,0,0,,,0,0,0,0
1416299197.55576,pg_toast,pg_toast_2396,0,0,0,0,0,0,0,0,0,0,0,0,0,0,,,,
1416299197.55576,pg_catalog,pg_enum,0,0,0,0,0,0,0,0,0,0,0,0,0,0,,,,
1416299197.55576,pg_catalog,pg_db_role_setting,0,0,182877,0,0,0,0,0,0,0,0,0,8036,174841,0,0,0,0
1416299197.55576,pg_catalog,pg_seclabel,0,0,5919,0,0,0,0,0,0,0,0,0,642,5277,0,0,0,0
1416299197.55576,pg_toast,pg_toast_2609,0,0,0,0,0,0,0,0,0,0,0,0,0,0,,,,
1416299197.55576,pg_toast,pg_toast_1255,0,0,0,0,0,0,0,0,0,0,0,0,0,0,,,,
1416299197.55576,pg_catalog,pg_rewrite,0,0,30857,28859,666,0,666,0,106,55,13399,20750,5707,47085,10922,16031,4165,19069
1416299197.55576,pg_catalog,pg_ts_config,0,0,0,0,0,0,0,0,0,0,0,0,0,0,,,,
1416299197.55576,pg_catalog,pg_extension,0,0,0,0,0,0,0,0,0,0,0,0,0,0,,,,
1416299197.55576,pg_catalog,pg_amop,0,0,449079,631698,0,0,0,0,0,0,20956,610742,35867,932460,,,,
1416299197.55576,pg_catalog,pg_cast,0,0,1474880,395693,0,0,0,0,0,0,9135,386558,11567,1515867,,,,
1416299197.55576,public,part,10,16000000,52,2037200,2000000,0,0,0,2000000,0,132882,426524,5728,144,,,,
1416299197.55576,pg_toast,pg_toast_2619,0,0,78613,258812,3739,0,3488,0,267,6,22776,106972,2277,160026,,,,
1416299197.55576,pg_toast,pg_toast_2604,0,0,0,0,0,0,0,0,0,0,0,0,0,0,,,,
1416299257.55745,public,time_statistics,14,118,,,16,14,0,14,16,14,2,42,,,,,,
1416299257.55745,pg_catalog,pg_auth_members,0,0,0,0,0,0,0,0,0,0,0,0,0,0,,,,
1416299257.55745,pg_catalog,pg_operator,0,0,351180,1569993,0,0,0,0,0,0,62005,1062555,47109,736838,,,,
1416299257.55745,pg_catalog,pg_aggregate,0,0,23755,23755,0,0,0,0,0,0,4783,18972,9665,32529,,,,
1416299257.55745,pg_catalog,pg_pltemplate,0,0,0,0,0,0,0,0,0,0,0,0,0,0,,,,
1416299257.55745,pg_toast,pg_toast_12188,0,0,0,0,0,0,0,0,0,0,0,0,0,0,,,,
1416299257.55745,pg_catalog,pg_description,0,0,5919,0,0,0,0,0,0,0,0,0,2060,11073,0,0,0,0
1416299257.55745,pg_catalog,pg_language,0,0,0,0,0,0,0,0,0,0,0,0,0,0,,,,
1416299257.55745,public,partsupp,4,24000000,48034,9699519,8000000,0,0,0,8000000,0,511569,2814111,37564,133255,,,,
1416299257.55745,pg_catalog,pg_ts_parser,0,0,0,0,0,0,0,0,0,0,0,0,0,0,,,,
1416299257.55745,pg_catalog,pg_shseclabel,0,0,0,0,0,0,0,0,0,0,0,0,0,0,,,,
1416299257.55745,pg_catalog,pg_foreign_table,0,0,0,0,0,0,0,0,0,0,0,0,0,0,,,,
1416299257.55745,information_schema,sql_packages,0,0,,,0,0,0,0,0,0,0,0,,,0,0,0,0
1416299257.55745,information_schema,sql_parts,0,0,,,0,0,0,0,0,0,0,0,,,0,0,0,0
1416299257.55745,pg_catalog,pg_attrdef,0,0,0,0,0,0,0,0,0,0,0,0,0,0,0,0,0,0
1416299257.55745,pg_catalog,pg_ts_template,0,0,0,0,0,0,0,0,0,0,0,0,0,0,,,,
1416299257.55745,pg_catalog,pg_foreign_server,0,0,0,0,0,0,0,0,0,0,0,0,0,0,,,,
1416299257.55745,pg_catalog,pg_default_acl,0,0,5220,0,0,0,0,0,0,0,0,0,589,4631,,,,
1416299257.55745,pg_toast,pg_toast_12198,0,0,0,0,0,0,0,0,0,0,0,0,0,0,,,,
1416299257.55745,pg_toast,pg_toast_12208,0,0,0,0,0,0,0,0,0,0,0,0,0,0,,,,
1416299257.55745,pg_catalog,pg_attribute,4609,30587,1334185,2674807,9536,310,9358,274,2425,12,103556,1334826,45899,2726435,,,,
1416299257.55745,public,supplier,12,600000,3314560,3318613,100000,0,0,0,100000,0,6670,3332060,570,6646699,,,,
1416299257.55745,pg_catalog,pg_statistic,0,0,315272,256823,2192,5435,2129,4906,515,0,45431,227528,21514,658085,22789,106999,2277,160094
1416299257.55745,pg_toast,pg_toast_12203,0,0,0,0,0,0,0,0,0,0,0,0,0,0,,,,
1416299257.55745,pg_toast,pg_toast_2618,0,0,15436,50121,0,0,0,0,0,0,10922,16045,4165,19081,,,,
1416299257.55745,pg_toast,pg_toast_3596,0,0,0,0,0,0,0,0,0,0,0,0,0,0,,,,
1416299257.55745,pg_catalog,pg_depend,0,0,54826,59013,10089,0,9999,0,6294,665,9969,69785,16511,140127,,,,
1416299257.55745,information_schema,sql_languages,0,0,,,0,0,0,0,0,0,0,0,,,0,0,0,0
1416299257.55745,pg_catalog,pg_opclass,838,838,283652,3068384,0,0,0,0,0,0,13369,1060328,26421,340682,,,,
1416299257.55745,pg_catalog,pg_proc,0,0,571421,841579,0,0,0,0,0,0,80311,571848,72814,1195219,0,0,0,0
1416299257.55745,information_schema,sql_implementation_info,0,0,,,0,0,0,0,0,0,0,0,,,0,0,0,0
1416299257.55745,pg_catalog,pg_trigger,0,0,0,0,0,0,0,0,0,0,0,0,0,0,0,0,0,0
1416299257.55745,pg_catalog,pg_am,58684,58684,0,0,0,0,0,0,0,0,7830,50854,0,0,,,,
1416299257.55745,pg_catalog,pg_largeobject_metadata,0,0,0,0,0,0,0,0,0,0,0,0,0,0,,,,
1416299257.55745,pg_catalog,pg_ts_config_map,0,0,0,0,0,0,0,0,0,0,0,0,0,0,,,,
1416299257.55745,pg_catalog,pg_type,0,0,1156116,1146618,2578,0,2559,0,349,2,25185,1132920,31843,2336989,,,,
1416299257.55745,pg_catalog,pg_shdepend,0,0,7266,1346,0,0,0,0,0,0,625,721,2655,7213,,,,
1416299257.55745,public,lineitem,23,900148482,821116,14286136,60045669,0,0,0,60045486,0,13524375,11364331,339343,4404711,,,,
1416299257.55745,information_schema,sql_sizing,0,0,,,0,0,0,0,0,0,0,0,,,0,0,0,0
1416299257.55745,public,customer,11,12000000,64,1171011,1500000,0,0,0,1500000,0,111305,573742,3592,148,,,,
1416299257.55745,pg_catalog,pg_conversion,0,0,0,0,0,0,0,0,0,0,0,0,0,0,,,,
1416299257.55745,pg_catalog,pg_foreign_data_wrapper,0,0,0,0,0,0,0,0,0,0,0,0,0,0,,,,
1416299257.55745,pg_catalog,pg_opfamily,0,0,0,0,0,0,0,0,0,0,0,0,0,0,,,,
1416299257.55745,public,nation,14,150,3314553,3314553,25,0,0,0,25,0,3,3314558,6,3314561,,,,
1416299257.55745,pg_catalog,pg_shdescription,0,0,0,0,0,0,0,0,0,0,0,0,0,0,0,0,0,0
1416299257.55745,pg_catalog,pg_tablespace,2,4,42687,42687,0,0,0,0,0,0,6237,36452,12508,72866,,,,
1416299257.55745,pg_catalog,pg_inherits,0,0,1295,0,0,0,0,0,0,0,0,0,638,657,,,,
1416299257.55745,pg_toast,pg_toast_2606,0,0,0,0,0,0,0,0,0,0,0,0,0,0,,,,
1416299257.55745,public,orders,14,120060000,4747376,9309336,15015000,0,0,0,15015000,0,1090189,6988943,97582,14318580,,,,
1416299257.55745,pg_toast,pg_toast_2964,0,0,0,0,0,0,0,0,0,0,0,0,0,0,,,,
1416299257.55745,pg_catalog,pg_database,10761,42330,238935,238933,1,0,0,0,1,0,8161,241534,36926,323854,,,,
1416299257.55745,pg_toast,pg_toast_2620,0,0,0,0,0,0,0,0,0,0,0,0,0,0,,,,
1416299257.55745,pg_toast,pg_toast_12213,0,0,0,0,0,0,0,0,0,0,0,0,0,0,,,,
1416299257.55745,pg_catalog,pg_amproc,838,1676,218018,324173,0,0,0,0,0,0,9963,205016,26737,466796,,,,
1416299257.55745,pg_catalog,pg_collation,0,0,0,0,0,0,0,0,0,0,0,0,0,0,,,,
1416299257.55745,pg_catalog,pg_constraint,0,0,488,240,248,0,240,0,10,16,138,1383,250,2478,0,0,0,0
1416299257.55745,pg_catalog,pg_range,0,0,9132,0,0,0,0,0,0,0,0,0,7545,10719,,,,
1416299257.55745,public,region,6418,32065,14,14,5,0,0,0,5,0,3,6426,6,13,,,,
1416299257.55745,pg_catalog,pg_user_mapping,0,0,0,0,0,0,0,0,0,0,0,0,0,0,,,,
1416299257.55745,pg_catalog,pg_largeobject,0,0,0,0,0,0,0,0,0,0,0,0,0,0,,,,
1416299257.55745,pg_catalog,pg_namespace,8089,244604,641663,587652,40,0,0,0,40,0,6828,589014,18379,684916,,,,
1416299257.55745,pg_catalog,pg_authid,4051,4051,108666,108666,0,0,0,0,0,0,7016,105701,26110,191222,,,,
1416299257.55745,pg_toast,pg_toast_12193,0,0,0,0,0,0,0,0,0,0,0,0,0,0,,,,
1416299257.55745,pg_catalog,pg_index,18277,2104828,490140,700145,1187,0,1159,0,138,35,30393,700107,28582,557805,,,,
1416299257.55745,pg_catalog,pg_ts_dict,0,0,0,0,0,0,0,0,0,0,0,0,0,0,,,,
1416299257.55745,information_schema,sql_features,0,0,,,0,0,0,0,0,0,0,0,,,0,0,0,0
1416299257.55745,pg_catalog,pg_class,45294,11215227,1946831,1871497,2492,666,2454,645,326,71,74829,2238744,61204,3938251,,,,
1416299257.55745,pg_toast,pg_toast_12183,0,0,0,0,0,0,0,0,0,0,0,0,0,0,,,,
1416299257.55745,information_schema,sql_sizing_profiles,0,0,,,0,0,0,0,0,0,0,0,,,0,0,0,0
1416299257.55745,pg_toast,pg_toast_2396,0,0,0,0,0,0,0,0,0,0,0,0,0,0,,,,
1416299257.55745,pg_catalog,pg_enum,0,0,0,0,0,0,0,0,0,0,0,0,0,0,,,,
1416299257.55745,pg_catalog,pg_db_role_setting,0,0,182943,0,0,0,0,0,0,0,0,0,8036,174907,0,0,0,0
1416299257.55745,pg_catalog,pg_seclabel,0,0,5919,0,0,0,0,0,0,0,0,0,642,5277,0,0,0,0
1416299257.55745,pg_toast,pg_toast_2609,0,0,0,0,0,0,0,0,0,0,0,0,0,0,,,,
1416299257.55745,pg_toast,pg_toast_1255,0,0,0,0,0,0,0,0,0,0,0,0,0,0,,,,
1416299257.55745,pg_catalog,pg_rewrite,0,0,30872,28874,666,0,666,0,106,55,13399,20765,5707,47111,10922,16045,4165,19081
1416299257.55745,pg_catalog,pg_ts_config,0,0,0,0,0,0,0,0,0,0,0,0,0,0,,,,
1416299257.55745,pg_catalog,pg_extension,0,0,0,0,0,0,0,0,0,0,0,0,0,0,,,,
1416299257.55745,pg_catalog,pg_amop,0,0,449222,631902,0,0,0,0,0,0,20956,610946,35867,932773,,,,
1416299257.55745,pg_catalog,pg_cast,0,0,1475339,395818,0,0,0,0,0,0,9135,386683,11567,1516346,,,,
1416299257.55745,public,part,10,16000000,52,2037200,2000000,0,0,0,2000000,0,132882,426524,5728,144,,,,
1416299257.55745,pg_toast,pg_toast_2619,0,0,78642,258902,3739,0,3488,0,267,6,22789,106999,2277,160094,,,,
1416299257.55745,pg_toast,pg_toast_2604,0,0,0,0,0,0,0,0,0,0,0,0,0,0,,,,
1416299317.5615,public,time_statistics,17,169,,,19,17,0,17,19,17,2,51,,,,,,
1416299317.5615,pg_catalog,pg_auth_members,0,0,0,0,0,0,0,0,0,0,0,0,0,0,,,,
1416299317.5615,pg_catalog,pg_operator,0,0,351264,1570281,0,0,0,0,0,0,62006,1062765,47109,737035,,,,
1416299317.5615,pg_catalog,pg_aggregate,0,0,23760,23760,0,0,0,0,0,0,4783,18977,9665,32539,,,,
1416299317.5615,pg_catalog,pg_pltemplate,0,0,0,0,0,0,0,0,0,0,0,0,0,0,,,,
1416299317.5615,pg_toast,pg_toast_12188,0,0,0,0,0,0,0,0,0,0,0,0,0,0,,,,
1416299317.5615,pg_catalog,pg_description,0,0,5919,0,0,0,0,0,0,0,0,0,2060,11073,0,0,0,0
1416299317.5615,pg_catalog,pg_language,0,0,0,0,0,0,0,0,0,0,0,0,0,0,,,,
1416299317.5615,public,partsupp,5,32000000,56020,10337609,8000000,0,0,0,8000000,0,828101,3306627,42104,154465,,,,
1416299317.5615,pg_catalog,pg_ts_parser,0,0,0,0,0,0,0,0,0,0,0,0,0,0,,,,
1416299317.5615,pg_catalog,pg_shseclabel,0,0,0,0,0,0,0,0,0,0,0,0,0,0,,,,
1416299317.5615,pg_catalog,pg_foreign_table,0,0,0,0,0,0,0,0,0,0,0,0,0,0,,,,
1416299317.5615,information_schema,sql_packages,0,0,,,0,0,0,0,0,0,0,0,,,0,0,0,0
1416299317.5615,information_schema,sql_parts,0,0,,,0,0,0,0,0,0,0,0,,,0,0,0,0
1416299317.5615,pg_catalog,pg_attrdef,0,0,0,0,0,0,0,0,0,0,0,0,0,0,0,0,0,0
1416299317.5615,pg_catalog,pg_ts_template,0,0,0,0,0,0,0,0,0,0,0,0,0,0,,,,
1416299317.5615,pg_catalog,pg_foreign_server,0,0,0,0,0,0,0,0,0,0,0,0,0,0,,,,
1416299317.5615,pg_catalog,pg_default_acl,0,0,5220,0,0,0,0,0,0,0,0,0,589,4631,,,,
1416299317.5615,pg_toast,pg_toast_12198,0,0,0,0,0,0,0,0,0,0,0,0,0,0,,,,
1416299317.5615,pg_toast,pg_toast_12208,0,0,0,0,0,0,0,0,0,0,0,0,0,0,,,,
1416299317.5615,pg_catalog,pg_attribute,4609,30587,1334674,2675671,9536,310,9358,274,2425,12,103561,1335314,45899,2727433,,,,
1416299317.5615,public,supplier,12,600000,3314571,3326653,100000,0,0,0,100000,0,8508,3333959,590,6646725,,,,
1416299317.5615,pg_catalog,pg_statistic,0,0,315358,256886,2192,5435,2129,4906,515,0,45435,227587,21514,658274,22809,107017,2277,160159
1416299317.5615,pg_toast,pg_toast_12203,0,0,0,0,0,0,0,0,0,0,0,0,0,0,,,,
1416299317.5615,pg_toast,pg_toast_2618,0,0,15444,50147,0,0,0,0,0,0,10925,16056,4165,19093,,,,
1416299317.5615,pg_toast,pg_toast_3596,0,0,0,0,0,0,0,0,0,0,0,0,0,0,,,,
1416299317.5615,pg_catalog,pg_depend,0,0,54826,59013,10089,0,9999,0,6294,665,9969,69785,16511,140127,,,,
1416299317.5615,information_schema,sql_languages,0,0,,,0,0,0,0,0,0,0,0,,,0,0,0,0
1416299317.5615,pg_catalog,pg_opclass,838,838,283730,3069306,0,0,0,0,0,0,13369,1060645,26421,340789,,,,
1416299317.5615,pg_catalog,pg_proc,0,0,571630,841874,0,0,0,0,0,0,80315,572087,72815,1195687,0,0,0,0
1416299317.5615,information_schema,sql_implementation_info,0,0,,,0,0,0,0,0,0,0,0,,,0,0,0,0
1416299317.5615,pg_catalog,pg_trigger,0,0,0,0,0,0,0,0,0,0,0,0,0,0,0,0,0,0
1416299317.5615,pg_catalog,pg_am,58704,58704,0,0,0,0,0,0,0,0,7830,50874,0,0,,,,
1416299317.5615,pg_catalog,pg_largeobject_metadata,0,0,0,0,0,0,0,0,0,0,0,0,0,0,,,,
1416299317.5615,pg_catalog,pg_ts_config_map,0,0,0,0,0,0,0,0,0,0,0,0,0,0,,,,
1416299317.5615,pg_catalog,pg_type,0,0,1156491,1146991,2578,0,2559,0,349,2,25185,1133293,31843,2337763,,,,
1416299317.5615,pg_catalog,pg_shdepend,0,0,7266,1346,0,0,0,0,0,0,625,721,2655,7213,,,,
1416299317.5615,public,lineitem,23,900148482,821119,52253254,60045669,0,0,0,60045486,0,14540940,11508622,443176,4404720,,,,
1416299317.5615,information_schema,sql_sizing,0,0,,,0,0,0,0,0,0,0,0,,,0,0,0,0
1416299317.5615,public,customer,11,12000000,64,1171011,1500000,0,0,0,1500000,0,111305,573742,3592,148,,,,
1416299317.5615,pg_catalog,pg_conversion,0,0,0,0,0,0,0,0,0,0,0,0,0,0,,,,
1416299317.5615,pg_catalog,pg_foreign_data_wrapper,0,0,0,0,0,0,0,0,0,0,0,0,0,0,,,,
1416299317.5615,pg_catalog,pg_opfamily,0,0,0,0,0,0,0,0,0,0,0,0,0,0,,,,
1416299317.5615,public,nation,16,200,3314557,3314557,25,0,0,0,25,0,4,3314563,8,3314564,,,,
1416299317.5615,pg_catalog,pg_shdescription,0,0,0,0,0,0,0,0,0,0,0,0,0,0,0,0,0,0
1416299317.5615,pg_catalog,pg_tablespace,2,4,42704,42704,0,0,0,0,0,0,6237,36469,12508,72900,,,,
1416299317.5615,pg_catalog,pg_inherits,0,0,1295,0,0,0,0,0,0,0,0,0,638,657,,,,
1416299317.5615,pg_toast,pg_toast_2606,0,0,0,0,0,0,0,0,0,0,0,0,0,0,,,,
1416299317.5615,public,orders,14,120060000,4747379,9883051,15015000,0,0,0,15015000,0,1114348,7193029,99152,14318587,,,,
1416299317.5615,pg_toast,pg_toast_2964,0,0,0,0,0,0,0,0,0,0,0,0,0,0,,,,
1416299317.5615,pg_catalog,pg_database,10765,42346,239016,239014,1,0,0,0,1,0,8161,241619,36926,323977,,,,
1416299317.5615,pg_toast,pg_toast_2620,0,0,0,0,0,0,0,0,0,0,0,0,0,0,,,,
1416299317.5615,pg_toast,pg_toast_12213,0,0,0,0,0,0,0,0,0,0,0,0,0,0,,,,
1416299317.5615,pg_catalog,pg_amproc,838,1676,218085,324268,0,0,0,0,0,0,9963,205080,26737,466950,,,,
1416299317.5615,pg_catalog,pg_collation,0,0,0,0,0,0,0,0,0,0,0,0,0,0,,,,
1416299317.5615,pg_catalog,pg_constraint,0,0,488,240,248,0,240,0,10,16,138,1383,250,2478,0,0,0,0
1416299317.5615,pg_catalog,pg_range,0,0,9135,0,0,0,0,0,0,0,0,0,7545,10725,,,,
1416299317.5615,public,region,6418,32065,14,14,5,0,0,0,5,0,3,6426,6,13,,,,
1416299317.5615,pg_catalog,pg_user_mapping,0,0,0,0,0,0,0,0,0,0,0,0,0,0,,,,
1416299317.5615,pg_catalog,pg_largeobject,0,0,0,0,0,0,0,0,0,0,0,0,0,0,,,,
1416299317.5615,pg_catalog,pg_namespace,8093,244788,641997,587966,40,0,0,0,40,0,6828,589332,18380,685271,,,,
1416299317.5615,pg_catalog,pg_authid,4054,4054,108704,108704,0,0,0,0,0,0,7016,105742,26110,191298,,,,
1416299317.5615,pg_toast,pg_toast_12193,0,0,0,0,0,0,0,0,0,0,0,0,0,0,,,,
1416299317.5615,pg_catalog,pg_index,18285,2105932,490260,700306,1187,0,1159,0,138,35,30393,700286,28582,557959,,,,
1416299317.5615,pg_catalog,pg_ts_dict,0,0,0,0,0,0,0,0,0,0,0,0,0,0,,,,
1416299317.5615,information_schema,sql_features,0,0,,,0,0,0,0,0,0,0,0,,,0,0,0,0
1416299317.5615,pg_catalog,pg_class,45312,11220526,1947615,1872267,2492,666,2454,645,326,71,74830,2239695,61204,3939861,,,,
1416299317.5615,pg_toast,pg_toast_12183,0,0,0,0,0,0,0,0,0,0,0,0,0,0,,,,
1416299317.5615,information_schema,sql_sizing_profiles,0,0,,,0,0,0,0,0,0,0,0,,,0,0,0,0
1416299317.5615,pg_toast,pg_toast_2396,0,0,0,0,0,0,0,0,0,0,0,0,0,0,,,,
1416299317.5615,pg_catalog,pg_enum,0,0,0,0,0,0,0,0,0,0,0,0,0,0,,,,
1416299317.5615,pg_catalog,pg_db_role_setting,0,0,183006,0,0,0,0,0,0,0,0,0,8036,174970,0,0,0,0
1416299317.5615,pg_catalog,pg_seclabel,0,0,5919,0,0,0,0,0,0,0,0,0,642,5277,0,0,0,0
1416299317.5615,pg_toast,pg_toast_2609,0,0,0,0,0,0,0,0,0,0,0,0,0,0,,,,
1416299317.5615,pg_toast,pg_toast_1255,0,0,0,0,0,0,0,0,0,0,0,0,0,0,,,,
1416299317.5615,pg_catalog,pg_rewrite,0,0,30887,28889,666,0,666,0,106,55,13402,20777,5707,47137,10925,16056,4165,19093
1416299317.5615,pg_catalog,pg_ts_config,0,0,0,0,0,0,0,0,0,0,0,0,0,0,,,,
1416299317.5615,pg_catalog,pg_extension,0,0,0,0,0,0,0,0,0,0,0,0,0,0,,,,
1416299317.5615,pg_catalog,pg_amop,0,0,449356,632084,0,0,0,0,0,0,20956,611128,35867,933068,,,,
1416299317.5615,pg_catalog,pg_cast,0,0,1475756,395938,0,0,0,0,0,0,9135,386803,11567,1516783,,,,
1416299317.5615,public,part,10,16000000,62,2356709,2000000,0,0,0,2000000,0,173396,426526,6623,153,,,,
1416299317.5615,pg_toast,pg_toast_2619,0,0,78670,258987,3739,0,3488,0,267,6,22809,107017,2277,160159,,,,
1416299317.5615,pg_toast,pg_toast_2604,0,0,0,0,0,0,0,0,0,0,0,0,0,0,,,,
1416299377.562,public,time_statistics,18,188,,,20,18,0,18,20,18,2,54,,,,,,
1416299377.562,pg_catalog,pg_auth_members,0,0,0,0,0,0,0,0,0,0,0,0,0,0,,,,
1416299377.562,pg_catalog,pg_operator,0,0,351316,1570431,0,0,0,0,0,0,62006,1062877,47111,737154,,,,
1416299377.562,pg_catalog,pg_aggregate,0,0,23764,23764,0,0,0,0,0,0,4783,18981,9665,32546,,,,
1416299377.562,pg_catalog,pg_pltemplate,0,0,0,0,0,0,0,0,0,0,0,0,0,0,,,,
1416299377.562,pg_toast,pg_toast_12188,0,0,0,0,0,0,0,0,0,0,0,0,0,0,,,,
1416299377.562,pg_catalog,pg_description,0,0,5923,0,0,0,0,0,0,0,0,0,2063,11079,0,0,0,0
1416299377.562,pg_catalog,pg_language,0,0,0,0,0,0,0,0,0,0,0,0,0,0,,,,
1416299377.562,public,partsupp,5,32000000,56020,10337609,8000000,0,0,0,8000000,0,828101,3306627,42104,154465,,,,
1416299377.562,pg_catalog,pg_ts_parser,0,0,0,0,0,0,0,0,0,0,0,0,0,0,,,,
1416299377.562,pg_catalog,pg_shseclabel,0,0,0,0,0,0,0,0,0,0,0,0,0,0,,,,
1416299377.562,pg_catalog,pg_foreign_table,0,0,0,0,0,0,0,0,0,0,0,0,0,0,,,,
1416299377.562,information_schema,sql_packages,0,0,,,0,0,0,0,0,0,0,0,,,0,0,0,0
1416299377.562,information_schema,sql_parts,0,0,,,0,0,0,0,0,0,0,0,,,0,0,0,0
1416299377.562,pg_catalog,pg_attrdef,0,0,0,0,0,0,0,0,0,0,0,0,0,0,0,0,0,0
1416299377.562,pg_catalog,pg_ts_template,0,0,0,0,0,0,0,0,0,0,0,0,0,0,,,,
1416299377.562,pg_catalog,pg_foreign_server,0,0,0,0,0,0,0,0,0,0,0,0,0,0,,,,
1416299377.562,pg_catalog,pg_default_acl,0,0,5224,0,0,0,0,0,0,0,0,0,590,4634,,,,
1416299377.562,pg_toast,pg_toast_12198,0,0,0,0,0,0,0,0,0,0,0,0,0,0,,,,
1416299377.562,pg_toast,pg_toast_12208,0,0,0,0,0,0,0,0,0,0,0,0,0,0,,,,
1416299377.562,pg_catalog,pg_attribute,4609,30587,1335080,2676371,9538,310,9360,274,2425,14,103569,1335722,45902,2728265,,,,
1416299377.562,public,supplier,12,600000,3314572,3399633,100000,0,0,0,100000,0,8750,3335500,789,6646728,,,,
1416299377.562,pg_catalog,pg_statistic,0,0,315416,256930,2192,5435,2129,4906,515,0,45435,227631,21514,658400,22820,107031,2277,160197
1416299377.562,pg_toast,pg_toast_12203,0,0,0,0,0,0,0,0,0,0,0,0,0,0,,,,
1416299377.562,pg_toast,pg_toast_2618,0,0,15452,50173,0,0,0,0,0,0,10925,16070,4165,19105,,,,
1416299377.562,pg_toast,pg_toast_3596,0,0,0,0,0,0,0,0,0,0,0,0,0,0,,,,
1416299377.562,pg_catalog,pg_depend,0,0,54870,59065,10098,0,10008,0,6294,674,9985,69831,16536,140235,,,,
1416299377.562,information_schema,sql_languages,0,0,,,0,0,0,0,0,0,0,0,,,0,0,0,0
1416299377.562,pg_catalog,pg_opclass,838,838,283770,3069658,0,0,0,0,0,0,13369,1060763,26421,340849,,,,
1416299377.562,pg_catalog,pg_proc,0,0,571795,842121,0,0,0,0,0,0,80317,572276,72816,1196047,0,0,0,0
1416299377.562,information_schema,sql_implementation_info,0,0,,,0,0,0,0,0,0,0,0,,,0,0,0,0
1416299377.562,pg_catalog,pg_trigger,0,0,0,0,0,0,0,0,0,0,0,0,0,0,0,0,0,0
1416299377.562,pg_catalog,pg_am,58718,58718,0,0,0,0,0,0,0,0,7830,50888,0,0,,,,
1416299377.562,pg_catalog,pg_largeobject_metadata,0,0,0,0,0,0,0,0,0,0,0,0,0,0,,,,
1416299377.562,pg_catalog,pg_ts_config_map,0,0,0,0,0,0,0,0,0,0,0,0,0,0,,,,
1416299377.562,pg_catalog,pg_type,0,0,1156715,1147210,2580,0,2561,0,349,4,25189,1133517,31847,2338227,,,,
1416299377.562,pg_catalog,pg_shdepend,0,0,7271,1347,0,0,0,0,0,0,626,721,2659,7216,,,,
1416299377.562,public,lineitem,23,900148482,821121,56750206,60045669,0,0,0,60045486,0,15116254,12238138,449318,4410861,,,,
1416299377.562,information_schema,sql_sizing,0,0,,,0,0,0,0,0,0,0,0,,,0,0,0,0
1416299377.562,public,customer,11,12000000,64,1171011,1500000,0,0,0,1500000,0,111305,573742,3592,148,,,,
1416299377.562,pg_catalog,pg_conversion,0,0,0,0,0,0,0,0,0,0,0,0,0,0,,,,
1416299377.562,pg_catalog,pg_foreign_data_wrapper,0,0,0,0,0,0,0,0,0,0,0,0,0,0,,,,
1416299377.562,pg_catalog,pg_opfamily,0,0,0,0,0,0,0,0,0,0,0,0,0,0,,,,
1416299377.562,public,nation,16,200,3314557,3314557,25,0,0,0,25,0,4,3314563,8,3314564,,,,
1416299377.562,pg_catalog,pg_shdescription,0,0,0,0,0,0,0,0,0,0,0,0,0,0,0,0,0,0
1416299377.562,pg_catalog,pg_tablespace,2,4,42714,42714,0,0,0,0,0,0,6237,36479,12508,72920,,,,
1416299377.562,pg_catalog,pg_inherits,0,0,1296,0,0,0,0,0,0,0,0,0,639,657,,,,
1416299377.562,pg_toast,pg_toast_2606,0,0,0,0,0,0,0,0,0,0,0,0,0,0,,,,
1416299377.562,public,orders,14,120060000,4747379,9883051,15015000,0,0,0,15015000,0,1114348,7193029,99152,14318587,,,,
1416299377.562,pg_toast,pg_toast_2964,0,0,0,0,0,0,0,0,0,0,0,0,0,0,,,,
1416299377.562,pg_catalog,pg_database,10769,42362,239068,239066,1,0,0,0,1,0,8161,241675,36926,324059,,,,
1416299377.562,pg_toast,pg_toast_2620,0,0,0,0,0,0,0,0,0,0,0,0,0,0,,,,
1416299377.562,pg_toast,pg_toast_12213,0,0,0,0,0,0,0,0,0,0,0,0,0,0,,,,
1416299377.562,pg_catalog,pg_amproc,838,1676,218121,324326,0,0,0,0,0,0,9963,205116,26737,467036,,,,
1416299377.562,pg_catalog,pg_collation,0,0,0,0,0,0,0,0,0,0,0,0,0,0,,,,
1416299377.562,pg_catalog,pg_constraint,0,0,488,240,248,0,240,0,10,16,138,1383,250,2478,0,0,0,0
1416299377.562,pg_catalog,pg_range,0,0,9136,0,0,0,0,0,0,0,0,0,7545,10727,,,,
1416299377.562,public,region,6418,32065,14,14,5,0,0,0,5,0,3,6426,6,13,,,,
1416299377.562,pg_catalog,pg_user_mapping,0,0,0,0,0,0,0,0,0,0,0,0,0,0,,,,
1416299377.562,pg_catalog,pg_largeobject,0,0,0,0,0,0,0,0,0,0,0,0,0,0,,,,
1416299377.562,pg_catalog,pg_namespace,8097,244972,642307,588265,40,0,0,0,40,0,6828,589635,18380,685595,,,,
1416299377.562,pg_catalog,pg_authid,4055,4055,108730,108730,0,0,0,0,0,0,7016,105769,26110,191350,,,,
1416299377.562,pg_toast,pg_toast_12193,0,0,0,0,0,0,0,0,0,0,0,0,0,0,,,,
1416299377.562,pg_catalog,pg_index,18293,2107036,490352,700429,1187,0,1159,0,138,35,30393,700427,28582,558074,,,,
1416299377.562,pg_catalog,pg_ts_dict,0,0,0,0,0,0,0,0,0,0,0,0,0,0,,,,
1416299377.562,information_schema,sql_features,0,0,,,0,0,0,0,0,0,0,0,,,0,0,0,0
1416299377.562,pg_catalog,pg_class,45329,11225499,1948327,1872972,2493,667,2455,646,326,73,74833,2240576,61204,3941316,,,,
1416299377.562,pg_toast,pg_toast_12183,0,0,0,0,0,0,0,0,0,0,0,0,0,0,,,,
1416299377.562,information_schema,sql_sizing_profiles,0,0,,,0,0,0,0,0,0,0,0,,,0,0,0,0
1416299377.562,pg_toast,pg_toast_2396,0,0,0,0,0,0,0,0,0,0,0,0,0,0,,,,
1416299377.562,pg_catalog,pg_enum,0,0,0,0,0,0,0,0,0,0,0,0,0,0,,,,
1416299377.562,pg_catalog,pg_db_role_setting,0,0,183051,0,0,0,0,0,0,0,0,0,8036,175015,0,0,0,0
1416299377.562,pg_catalog,pg_seclabel,0,0,5923,0,0,0,0,0,0,0,0,0,643,5280,0,0,0,0
1416299377.562,pg_toast,pg_toast_2609,0,0,0,0,0,0,0,0,0,0,0,0,0,0,,,,
1416299377.562,pg_toast,pg_toast_1255,0,0,0,0,0,0,0,0,0,0,0,0,0,0,,,,
1416299377.562,pg_catalog,pg_rewrite,0,0,30905,28904,667,0,667,0,106,56,13404,20794,5709,47165,10925,16070,4165,19105
1416299377.562,pg_catalog,pg_ts_config,0,0,0,0,0,0,0,0,0,0,0,0,0,0,,,,
1416299377.562,pg_catalog,pg_extension,0,0,0,0,0,0,0,0,0,0,0,0,0,0,,,,
1416299377.562,pg_catalog,pg_amop,0,0,449420,632167,0,0,0,0,0,0,20956,611211,35868,933210,,,,
1416299377.562,pg_catalog,pg_cast,0,0,1475936,396005,0,0,0,0,0,0,9135,386870,11567,1516974,,,,
1416299377.562,public,part,10,16000000,62,2356709,2000000,0,0,0,2000000,0,173396,426526,6623,153,,,,
1416299377.562,pg_toast,pg_toast_2619,0,0,78686,259046,3739,0,3488,0,267,6,22820,107031,2277,160197,,,,
1416299377.562,pg_toast,pg_toast_2604,0,0,0,0,0,0,0,0,0,0,0,0,0,0,,,,
1416299437.56551,public,time_statistics,21,251,,,23,21,0,21,23,21,2,63,,,,,,
1416299437.56551,pg_catalog,pg_auth_members,0,0,0,0,0,0,0,0,0,0,0,0,0,0,,,,
1416299437.56551,pg_catalog,pg_operator,0,0,351418,1570977,0,0,0,0,0,0,62006,1063259,47112,737385,,,,
1416299437.56551,pg_catalog,pg_aggregate,0,0,23772,23772,0,0,0,0,0,0,4783,18989,9665,32559,,,,
1416299437.56551,pg_catalog,pg_pltemplate,0,0,0,0,0,0,0,0,0,0,0,0,0,0,,,,
1416299437.56551,pg_toast,pg_toast_12188,0,0,0,0,0,0,0,0,0,0,0,0,0,0,,,,
1416299437.56551,pg_catalog,pg_description,0,0,5923,0,0,0,0,0,0,0,0,0,2063,11079,0,0,0,0
1416299437.56551,pg_catalog,pg_language,0,0,0,0,0,0,0,0,0,0,0,0,0,0,,,,
1416299437.56551,public,partsupp,5,32000000,56020,10337609,8000000,0,0,0,8000000,0,828101,3306627,42104,154465,,,,
1416299437.56551,pg_catalog,pg_ts_parser,0,0,0,0,0,0,0,0,0,0,0,0,0,0,,,,
1416299437.56551,pg_catalog,pg_shseclabel,0,0,0,0,0,0,0,0,0,0,0,0,0,0,,,,
1416299437.56551,pg_catalog,pg_foreign_table,0,0,0,0,0,0,0,0,0,0,0,0,0,0,,,,
1416299437.56551,information_schema,sql_packages,0,0,,,0,0,0,0,0,0,0,0,,,0,0,0,0
1416299437.56551,information_schema,sql_parts,0,0,,,0,0,0,0,0,0,0,0,,,0,0,0,0
1416299437.56551,pg_catalog,pg_attrdef,0,0,0,0,0,0,0,0,0,0,0,0,0,0,0,0,0,0
1416299437.56551,pg_catalog,pg_ts_template,0,0,0,0,0,0,0,0,0,0,0,0,0,0,,,,
1416299437.56551,pg_catalog,pg_foreign_server,0,0,0,0,0,0,0,0,0,0,0,0,0,0,,,,
1416299437.56551,pg_catalog,pg_default_acl,0,0,5224,0,0,0,0,0,0,0,0,0,590,4634,,,,
1416299437.56551,pg_toast,pg_toast_12198,0,0,0,0,0,0,0,0,0,0,0,0,0,0,,,,
1416299437.56551,pg_toast,pg_toast_12208,0,0,0,0,0,0,0,0,0,0,0,0,0,0,,,,
1416299437.56551,pg_catalog,pg_attribute,4609,30587,1335570,2677243,9538,310,9360,274,2425,14,103572,1336211,45902,2729263,,,,
1416299437.56551,public,supplier,12,600000,3314572,3399633,100000,0,0,0,100000,0,8750,3335500,789,6646728,,,,
1416299437.56551,pg_catalog,pg_statistic,0,0,315511,257004,2192,5435,2129,4906,515,0,45437,227703,21514,658606,22845,107058,2277,160270
1416299437.56551,pg_toast,pg_toast_12203,0,0,0,0,0,0,0,0,0,0,0,0,0,0,,,,
1416299437.56551,pg_toast,pg_toast_2618,0,0,15460,50199,0,0,0,0,0,0,10925,16084,4165,19117,,,,
1416299437.56551,pg_toast,pg_toast_3596,0,0,0,0,0,0,0,0,0,0,0,0,0,0,,,,
1416299437.56551,pg_catalog,pg_depend,0,0,54870,59065,10098,0,10008,0,6294,674,9985,69831,16536,140235,,,,
1416299437.56551,information_schema,sql_languages,0,0,,,0,0,0,0,0,0,0,0,,,0,0,0,0
1416299437.56551,pg_catalog,pg_opclass,838,838,283850,3070546,0,0,0,0,0,0,13369,1061067,26421,340956,,,,
1416299437.56551,pg_catalog,pg_proc,0,0,572023,842447,0,0,0,0,0,0,80322,572532,72818,1196549,0,0,0,0
1416299437.56551,information_schema,sql_implementation_info,0,0,,,0,0,0,0,0,0,0,0,,,0,0,0,0
1416299437.56551,pg_catalog,pg_trigger,0,0,0,0,0,0,0,0,0,0,0,0,0,0,0,0,0,0
1416299437.56551,pg_catalog,pg_am,58736,58736,0,0,0,0,0,0,0,0,7830,50906,0,0,,,,
1416299437.56551,pg_catalog,pg_largeobject_metadata,0,0,0,0,0,0,0,0,0,0,0,0,0,0,,,,
1416299437.56551,pg_catalog,pg_ts_config_map,0,0,0,0,0,0,0,0,0,0,0,0,0,0,,,,
1416299437.56551,pg_catalog,pg_type,0,0,1157130,1147625,2580,0,2561,0,349,4,25189,1133932,31847,2339078,,,,
1416299437.56551,pg_catalog,pg_shdepend,0,0,7271,1347,0,0,0,0,0,0,626,721,2659,7216,,,,
1416299437.56551,public,lineitem,24,960194151,842408,71618832,60045669,0,0,0,60045486,0,16377049,13192676,503762,4485277,,,,
1416299437.56551,information_schema,sql_sizing,0,0,,,0,0,0,0,0,0,0,0,,,0,0,0,0
1416299437.56551,public,customer,12,13500000,68,1171015,1500000,0,0,0,1500000,0,146583,573746,3598,155,,,,
1416299437.56551,pg_catalog,pg_conversion,0,0,0,0,0,0,0,0,0,0,0,0,0,0,,,,
1416299437.56551,pg_catalog,pg_foreign_data_wrapper,0,0,0,0,0,0,0,0,0,0,0,0,0,0,,,,
1416299437.56551,pg_catalog,pg_opfamily,0,0,0,0,0,0,0,0,0,0,0,0,0,0,,,,
1416299437.56551,public,nation,17,225,3314559,3314559,25,0,0,0,25,0,4,3314566,8,3314567,,,,
1416299437.56551,pg_catalog,pg_shdescription,0,0,0,0,0,0,0,0,0,0,0,0,0,0,0,0,0,0
1416299437.56551,pg_catalog,pg_tablespace,2,4,42730,42730,0,0,0,0,0,0,6237,36495,12508,72952,,,,
1416299437.56551,pg_catalog,pg_inherits,0,0,1296,0,0,0,0,0,0,0,0,0,639,657,,,,
1416299437.56551,pg_toast,pg_toast_2606,0,0,0,0,0,0,0,0,0,0,0,0,0,0,,,,
1416299437.56551,public,orders,14,120060000,4747382,10457675,15015000,0,0,0,15015000,0,1305569,7230103,100730,14318588,,,,
1416299437.56551,pg_toast,pg_toast_2964,0,0,0,0,0,0,0,0,0,0,0,0,0,0,,,,
1416299437.56551,pg_catalog,pg_database,10773,42378,239138,239136,1,0,0,0,1,0,8161,241749,36926,324167,,,,
1416299437.56551,pg_toast,pg_toast_2620,0,0,0,0,0,0,0,0,0,0,0,0,0,0,,,,
1416299437.56551,pg_toast,pg_toast_12213,0,0,0,0,0,0,0,0,0,0,0,0,0,0,,,,
1416299437.56551,pg_catalog,pg_amproc,838,1676,218184,324421,0,0,0,0,0,0,9963,205178,26737,467180,,,,
1416299437.56551,pg_catalog,pg_collation,0,0,0,0,0,0,0,0,0,0,0,0,0,0,,,,
1416299437.56551,pg_catalog,pg_constraint,0,0,488,240,248,0,240,0,10,16,138,1383,250,2478,0,0,0,0
1416299437.56551,pg_catalog,pg_range,0,0,9139,0,0,0,0,0,0,0,0,0,7547,10731,,,,
1416299437.56551,public,region,6418,32065,14,14,5,0,0,0,5,0,3,6426,6,13,,,,
1416299437.56551,pg_catalog,pg_user_mapping,0,0,0,0,0,0,0,0,0,0,0,0,0,0,,,,
1416299437.56551,pg_catalog,pg_largeobject,0,0,0,0,0,0,0,0,0,0,0,0,0,0,,,,
1416299437.56551,pg_catalog,pg_namespace,8101,245156,642639,588578,40,0,0,0,40,0,6828,589952,18380,685948,,,,
1416299437.56551,pg_catalog,pg_authid,4057,4057,108764,108764,0,0,0,0,0,0,7016,105805,26110,191418,,,,
1416299437.56551,pg_toast,pg_toast_12193,0,0,0,0,0,0,0,0,0,0,0,0,0,0,,,,
1416299437.56551,pg_catalog,pg_index,18301,2108140,490477,700605,1187,0,1159,0,138,35,30393,700622,28582,558230,,,,
1416299437.56551,pg_catalog,pg_ts_dict,0,0,0,0,0,0,0,0,0,0,0,0,0,0,,,,
1416299437.56551,information_schema,sql_features,0,0,,,0,0,0,0,0,0,0,0,,,0,0,0,0
1416299437.56551,pg_catalog,pg_class,45347,11230798,1949108,1873740,2493,667,2455,646,326,73,74833,2241526,61204,3942917,,,,
1416299437.56551,pg_toast,pg_toast_12183,0,0,0,0,0,0,0,0,0,0,0,0,0,0,,,,
1416299437.56551,information_schema,sql_sizing_profiles,0,0,,,0,0,0,0,0,0,0,0,,,0,0,0,0
1416299437.56551,pg_toast,pg_toast_2396,0,0,0,0,0,0,0,0,0,0,0,0,0,0,,,,
1416299437.56551,pg_catalog,pg_enum,0,0,0,0,0,0,0,0,0,0,0,0,0,0,,,,
1416299437.56551,pg_catalog,pg_db_role_setting,0,0,183108,0,0,0,0,0,0,0,0,0,8036,175072,0,0,0,0
1416299437.56551,pg_catalog,pg_seclabel,0,0,5923,0,0,0,0,0,0,0,0,0,643,5280,0,0,0,0
1416299437.56551,pg_toast,pg_toast_2609,0,0,0,0,0,0,0,0,0,0,0,0,0,0,,,,
1416299437.56551,pg_toast,pg_toast_1255,0,0,0,0,0,0,0,0,0,0,0,0,0,0,,,,
1416299437.56551,pg_catalog,pg_rewrite,0,0,30919,28918,667,0,667,0,106,56,13404,20808,5709,47189,10925,16084,4165,19117
1416299437.56551,pg_catalog,pg_ts_config,0,0,0,0,0,0,0,0,0,0,0,0,0,0,,,,
1416299437.56551,pg_catalog,pg_extension,0,0,0,0,0,0,0,0,0,0,0,0,0,0,,,,
1416299437.56551,pg_catalog,pg_amop,0,0,449557,632358,0,0,0,0,0,0,20956,611402,35868,933509,,,,
1416299437.56551,pg_catalog,pg_cast,0,0,1476400,396127,0,0,0,0,0,0,9135,386992,11567,1517457,,,,
1416299437.56551,public,part,10,16000000,78,2367352,2000000,0,0,0,2000000,0,182719,426528,7895,713,,,,
1416299437.56551,pg_toast,pg_toast_2619,0,0,78718,259161,3739,0,3488,0,267,6,22845,107058,2277,160270,,,,
1416299437.56551,pg_toast,pg_toast_2604,0,0,0,0,0,0,0,0,0,0,0,0,0,0,,,,
1416299497.56595,public,time_statistics,22,274,,,24,22,0,22,24,22,2,66,,,,,,
1416299497.56595,pg_catalog,pg_auth_members,0,0,0,0,0,0,0,0,0,0,0,0,0,0,,,,
1416299497.56595,pg_catalog,pg_operator,0,0,351475,1571132,0,0,0,0,0,0,62006,1063376,47113,737518,,,,
1416299497.56595,pg_catalog,pg_aggregate,0,0,23775,23775,0,0,0,0,0,0,4783,18992,9665,32565,,,,
1416299497.56595,pg_catalog,pg_pltemplate,0,0,0,0,0,0,0,0,0,0,0,0,0,0,,,,
1416299497.56595,pg_toast,pg_toast_12188,0,0,0,0,0,0,0,0,0,0,0,0,0,0,,,,
1416299497.56595,pg_catalog,pg_description,0,0,5923,0,0,0,0,0,0,0,0,0,2063,11079,0,0,0,0
1416299497.56595,pg_catalog,pg_language,0,0,0,0,0,0,0,0,0,0,0,0,0,0,,,,
1416299497.56595,public,partsupp,5,32000000,56020,10337609,8000000,0,0,0,8000000,0,828101,3306627,42104,154465,,,,
1416299497.56595,pg_catalog,pg_ts_parser,0,0,0,0,0,0,0,0,0,0,0,0,0,0,,,,
1416299497.56595,pg_catalog,pg_shseclabel,0,0,0,0,0,0,0,0,0,0,0,0,0,0,,,,
1416299497.56595,pg_catalog,pg_foreign_table,0,0,0,0,0,0,0,0,0,0,0,0,0,0,,,,
1416299497.56595,information_schema,sql_packages,0,0,,,0,0,0,0,0,0,0,0,,,0,0,0,0
1416299497.56595,information_schema,sql_parts,0,0,,,0,0,0,0,0,0,0,0,,,0,0,0,0
1416299497.56595,pg_catalog,pg_attrdef,0,0,0,0,0,0,0,0,0,0,0,0,0,0,0,0,0,0
1416299497.56595,pg_catalog,pg_ts_template,0,0,0,0,0,0,0,0,0,0,0,0,0,0,,,,
1416299497.56595,pg_catalog,pg_foreign_server,0,0,0,0,0,0,0,0,0,0,0,0,0,0,,,,
1416299497.56595,pg_catalog,pg_default_acl,0,0,5224,0,0,0,0,0,0,0,0,0,590,4634,,,,
1416299497.56595,pg_toast,pg_toast_12198,0,0,0,0,0,0,0,0,0,0,0,0,0,0,,,,
1416299497.56595,pg_toast,pg_toast_12208,0,0,0,0,0,0,0,0,0,0,0,0,0,0,,,,
1416299497.56595,pg_catalog,pg_attribute,4609,30587,1336009,2678000,9538,310,9360,274,2425,14,103574,1336651,45902,2730157,,,,
1416299497.56595,public,supplier,13,700000,3314576,3399637,100000,0,0,0,100000,0,10890,3335543,791,6646735,,,,
1416299497.56595,pg_catalog,pg_statistic,0,0,315582,257060,2192,5435,2129,4906,515,0,45438,227758,21514,658760,22851,107075,2277,160315
1416299497.56595,pg_toast,pg_toast_12203,0,0,0,0,0,0,0,0,0,0,0,0,0,0,,,,
1416299497.56595,pg_toast,pg_toast_2618,0,0,15468,50225,0,0,0,0,0,0,10925,16098,4165,19129,,,,
1416299497.56595,pg_toast,pg_toast_3596,0,0,0,0,0,0,0,0,0,0,0,0,0,0,,,,
1416299497.56595,pg_catalog,pg_depend,0,0,54870,59065,10098,0,10008,0,6294,674,9985,69831,16536,140235,,,,
1416299497.56595,information_schema,sql_languages,0,0,,,0,0,0,0,0,0,0,0,,,0,0,0,0
1416299497.56595,pg_catalog,pg_opclass,838,838,283901,3071061,0,0,0,0,0,0,13369,1061242,26421,341030,,,,
1416299497.56595,pg_catalog,pg_proc,0,0,572200,842701,0,0,0,0,0,0,80326,572736,72818,1196939,0,0,0,0
1416299497.56595,information_schema,sql_implementation_info,0,0,,,0,0,0,0,0,0,0,0,,,0,0,0,0
1416299497.56595,pg_catalog,pg_trigger,0,0,0,0,0,0,0,0,0,0,0,0,0,0,0,0,0,0
1416299497.56595,pg_catalog,pg_am,58752,58752,0,0,0,0,0,0,0,0,7830,50922,0,0,,,,
1416299497.56595,pg_catalog,pg_largeobject_metadata,0,0,0,0,0,0,0,0,0,0,0,0,0,0,,,,
1416299497.56595,pg_catalog,pg_ts_config_map,0,0,0,0,0,0,0,0,0,0,0,0,0,0,,,,
1416299497.56595,pg_catalog,pg_type,0,0,1157382,1147877,2580,0,2561,0,349,4,25189,1134184,31848,2339595,,,,
1416299497.56595,pg_catalog,pg_shdepend,0,0,7271,1347,0,0,0,0,0,0,626,721,2659,7216,,,,
1416299497.56595,public,lineitem,25,1020239820,842412,71618836,60045669,0,0,0,60045486,0,16792837,13843367,503770,4485286,,,,
1416299497.56595,information_schema,sql_sizing,0,0,,,0,0,0,0,0,0,0,0,,,0,0,0,0
1416299497.56595,public,customer,12,13500000,77,1470512,1500000,0,0,0,1500000,0,181859,683788,4429,170,,,,
1416299497.56595,pg_catalog,pg_conversion,0,0,0,0,0,0,0,0,0,0,0,0,0,0,,,,
1416299497.56595,pg_catalog,pg_foreign_data_wrapper,0,0,0,0,0,0,0,0,0,0,0,0,0,0,,,,
1416299497.56595,pg_catalog,pg_opfamily,0,0,0,0,0,0,0,0,0,0,0,0,0,0,,,,
1416299497.56595,public,nation,17,225,3314568,3314592,25,0,0,0,25,0,4,3314575,9,3314576,,,,
1416299497.56595,pg_catalog,pg_shdescription,0,0,0,0,0,0,0,0,0,0,0,0,0,0,0,0,0,0
1416299497.56595,pg_catalog,pg_tablespace,2,4,42742,42742,0,0,0,0,0,0,6237,36507,12508,72976,,,,
1416299497.56595,pg_catalog,pg_inherits,0,0,1296,0,0,0,0,0,0,0,0,0,639,657,,,,
1416299497.56595,pg_toast,pg_toast_2606,0,0,0,0,0,0,0,0,0,0,0,0,0,0,,,,
1416299497.56595,public,orders,14,120060000,4747387,12736573,15015000,0,0,0,15015000,0,1559077,7230109,106961,14318595,,,,
1416299497.56595,pg_toast,pg_toast_2964,0,0,0,0,0,0,0,0,0,0,0,0,0,0,,,,
1416299497.56595,pg_catalog,pg_database,10777,42394,239203,239201,1,0,0,0,1,0,8161,241818,36926,324266,,,,
1416299497.56595,pg_toast,pg_toast_2620,0,0,0,0,0,0,0,0,0,0,0,0,0,0,,,,
1416299497.56595,pg_toast,pg_toast_12213,0,0,0,0,0,0,0,0,0,0,0,0,0,0,,,,
1416299497.56595,pg_catalog,pg_amproc,838,1676,218229,324491,0,0,0,0,0,0,9963,205223,26737,467286,,,,
1416299497.56595,pg_catalog,pg_collation,0,0,0,0,0,0,0,0,0,0,0,0,0,0,,,,
1416299497.56595,pg_catalog,pg_constraint,0,0,488,240,248,0,240,0,10,16,138,1383,250,2478,0,0,0,0
1416299497.56595,pg_catalog,pg_range,0,0,9140,0,0,0,0,0,0,0,0,0,7547,10733,,,,
1416299497.56595,public,region,6419,32070,16,16,5,0,0,0,5,0,4,6428,8,14,,,,
1416299497.56595,pg_catalog,pg_user_mapping,0,0,0,0,0,0,0,0,0,0,0,0,0,0,,,,
1416299497.56595,pg_catalog,pg_largeobject,0,0,0,0,0,0,0,0,0,0,0,0,0,0,,,,
1416299497.56595,pg_catalog,pg_namespace,8105,245340,642954,588880,40,0,0,0,40,0,6828,590258,18380,686278,,,,
1416299497.56595,pg_catalog,pg_authid,4059,4059,108794,108794,0,0,0,0,0,0,7016,105837,26110,191478,,,,
1416299497.56595,pg_toast,pg_toast_12193,0,0,0,0,0,0,0,0,0,0,0,0,0,0,,,,
1416299497.56595,pg_catalog,pg_index,18309,2109244,490578,700741,1187,0,1159,0,138,35,30393,700777,28582,558358,,,,
1416299497.56595,pg_catalog,pg_ts_dict,0,0,0,0,0,0,0,0,0,0,0,0,0,0,,,,
1416299497.56595,information_schema,sql_features,0,0,,,0,0,0,0,0,0,0,0,,,0,0,0,0
1416299497.56595,pg_catalog,pg_class,45365,11236097,1949842,1874466,2493,667,2455,646,326,73,74833,2242434,61204,3944416,,,,
1416299497.56595,pg_toast,pg_toast_12183,0,0,0,0,0,0,0,0,0,0,0,0,0,0,,,,
1416299497.56595,information_schema,sql_sizing_profiles,0,0,,,0,0,0,0,0,0,0,0,,,0,0,0,0
1416299497.56595,pg_toast,pg_toast_2396,0,0,0,0,0,0,0,0,0,0,0,0,0,0,,,,
1416299497.56595,pg_catalog,pg_enum,0,0,0,0,0,0,0,0,0,0,0,0,0,0,,,,
1416299497.56595,pg_catalog,pg_db_role_setting,0,0,183159,0,0,0,0,0,0,0,0,0,8036,175123,0,0,0,0
1416299497.56595,pg_catalog,pg_seclabel,0,0,5923,0,0,0,0,0,0,0,0,0,643,5280,0,0,0,0
1416299497.56595,pg_toast,pg_toast_2609,0,0,0,0,0,0,0,0,0,0,0,0,0,0,,,,
1416299497.56595,pg_toast,pg_toast_1255,0,0,0,0,0,0,0,0,0,0,0,0,0,0,,,,
1416299497.56595,pg_catalog,pg_rewrite,0,0,30933,28932,667,0,667,0,106,56,13404,20822,5709,47213,10925,16098,4165,19129
1416299497.56595,pg_catalog,pg_ts_config,0,0,0,0,0,0,0,0,0,0,0,0,0,0,,,,
1416299497.56595,pg_catalog,pg_extension,0,0,0,0,0,0,0,0,0,0,0,0,0,0,,,,
1416299497.56595,pg_catalog,pg_amop,0,0,449648,632479,0,0,0,0,0,0,20956,611523,35869,933709,,,,
1416299497.56595,pg_catalog,pg_cast,0,0,1476622,396203,0,0,0,0,0,0,9135,387068,11567,1517692,,,,
1416299497.56595,public,part,10,16000000,78,2367352,2000000,0,0,0,2000000,0,182719,426528,7895,713,,,,
1416299497.56595,pg_toast,pg_toast_2619,0,0,78737,259212,3739,0,3488,0,267,6,22851,107075,2277,160315,,,,
1416299497.56595,pg_toast,pg_toast_2604,0,0,0,0,0,0,0,0,0,0,0,0,0,0,,,,
1416299557.56789,public,time_statistics,24,323,,,26,24,0,24,26,24,2,72,,,,,,
1416299557.56789,pg_catalog,pg_auth_members,0,0,0,0,0,0,0,0,0,0,0,0,0,0,,,,
1416299557.56789,pg_catalog,pg_operator,0,0,351551,1571364,0,0,0,0,0,0,62006,1063548,47114,737694,,,,
1416299557.56789,pg_catalog,pg_aggregate,0,0,23779,23779,0,0,0,0,0,0,4783,18996,9665,32573,,,,
1416299557.56789,pg_catalog,pg_pltemplate,0,0,0,0,0,0,0,0,0,0,0,0,0,0,,,,
1416299557.56789,pg_toast,pg_toast_12188,0,0,0,0,0,0,0,0,0,0,0,0,0,0,,,,
1416299557.56789,pg_catalog,pg_description,0,0,5923,0,0,0,0,0,0,0,0,0,2063,11079,0,0,0,0
1416299557.56789,pg_catalog,pg_language,0,0,0,0,0,0,0,0,0,0,0,0,0,0,,,,
1416299557.56789,public,partsupp,5,32000000,56020,10337609,8000000,0,0,0,8000000,0,828101,3306627,42104,154465,,,,
1416299557.56789,pg_catalog,pg_ts_parser,0,0,0,0,0,0,0,0,0,0,0,0,0,0,,,,
1416299557.56789,pg_catalog,pg_shseclabel,0,0,0,0,0,0,0,0,0,0,0,0,0,0,,,,
1416299557.56789,pg_catalog,pg_foreign_table,0,0,0,0,0,0,0,0,0,0,0,0,0,0,,,,
1416299557.56789,information_schema,sql_packages,0,0,,,0,0,0,0,0,0,0,0,,,0,0,0,0
1416299557.56789,information_schema,sql_parts,0,0,,,0,0,0,0,0,0,0,0,,,0,0,0,0
1416299557.56789,pg_catalog,pg_attrdef,0,0,0,0,0,0,0,0,0,0,0,0,0,0,0,0,0,0
1416299557.56789,pg_catalog,pg_ts_template,0,0,0,0,0,0,0,0,0,0,0,0,0,0,,,,
1416299557.56789,pg_catalog,pg_foreign_server,0,0,0,0,0,0,0,0,0,0,0,0,0,0,,,,
1416299557.56789,pg_catalog,pg_default_acl,0,0,5224,0,0,0,0,0,0,0,0,0,590,4634,,,,
1416299557.56789,pg_toast,pg_toast_12198,0,0,0,0,0,0,0,0,0,0,0,0,0,0,,,,
1416299557.56789,pg_toast,pg_toast_12208,0,0,0,0,0,0,0,0,0,0,0,0,0,0,,,,
1416299557.56789,pg_catalog,pg_attribute,4609,30587,1336487,2678850,9538,310,9360,274,2425,14,103574,1337132,45902,2731130,,,,
1416299557.56789,public,supplier,14,800000,3314580,3399641,100000,0,0,0,100000,0,10890,3337726,791,6646744,,,,
1416299557.56789,pg_catalog,pg_statistic,0,0,315666,257124,2192,5435,2129,4906,515,0,45439,227821,21514,658943,22854,107106,2277,160379
1416299557.56789,pg_toast,pg_toast_12203,0,0,0,0,0,0,0,0,0,0,0,0,0,0,,,,
1416299557.56789,pg_toast,pg_toast_2618,0,0,15476,50251,0,0,0,0,0,0,10928,16109,4165,19141,,,,
1416299557.56789,pg_toast,pg_toast_3596,0,0,0,0,0,0,0,0,0,0,0,0,0,0,,,,
1416299557.56789,pg_catalog,pg_depend,0,0,54870,59065,10098,0,10008,0,6294,674,9985,69831,16536,140235,,,,
1416299557.56789,information_schema,sql_languages,0,0,,,0,0,0,0,0,0,0,0,,,0,0,0,0
1416299557.56789,pg_catalog,pg_opclass,838,838,283961,3071661,0,0,0,0,0,0,13369,1061449,26421,341115,,,,
1416299557.56789,pg_catalog,pg_proc,0,0,572404,843003,0,0,0,0,0,0,80329,572975,72818,1197393,0,0,0,0
1416299557.56789,information_schema,sql_implementation_info,0,0,,,0,0,0,0,0,0,0,0,,,0,0,0,0
1416299557.56789,pg_catalog,pg_trigger,0,0,0,0,0,0,0,0,0,0,0,0,0,0,0,0,0,0
1416299557.56789,pg_catalog,pg_am,58769,58769,0,0,0,0,0,0,0,0,7830,50939,0,0,,,,
1416299557.56789,pg_catalog,pg_largeobject_metadata,0,0,0,0,0,0,0,0,0,0,0,0,0,0,,,,
1416299557.56789,pg_catalog,pg_ts_config_map,0,0,0,0,0,0,0,0,0,0,0,0,0,0,,,,
1416299557.56789,pg_catalog,pg_type,0,0,1157711,1148206,2580,0,2561,0,349,4,25190,1134512,31850,2340270,,,,
1416299557.56789,pg_catalog,pg_shdepend,0,0,7271,1347,0,0,0,0,0,0,626,721,2659,7216,,,,
1416299557.56789,public,lineitem,25,1020239820,842420,97064495,60045669,0,0,0,60045486,0,18895054,13885328,573271,4485311,,,,
1416299557.56789,information_schema,sql_sizing,0,0,,,0,0,0,0,0,0,0,0,,,0,0,0,0
1416299557.56789,public,customer,12,13500000,83,1590458,1500000,0,0,0,1500000,0,181859,741755,4760,188,,,,
1416299557.56789,pg_catalog,pg_conversion,0,0,0,0,0,0,0,0,0,0,0,0,0,0,,,,
1416299557.56789,pg_catalog,pg_foreign_data_wrapper,0,0,0,0,0,0,0,0,0,0,0,0,0,0,,,,
1416299557.56789,pg_catalog,pg_opfamily,0,0,0,0,0,0,0,0,0,0,0,0,0,0,,,,
1416299557.56789,public,nation,18,250,3314577,3314625,25,0,0,0,25,0,4,3314585,9,3314586,,,,
1416299557.56789,pg_catalog,pg_shdescription,0,0,0,0,0,0,0,0,0,0,0,0,0,0,0,0,0,0
1416299557.56789,pg_catalog,pg_tablespace,2,4,42757,42757,0,0,0,0,0,0,6237,36522,12508,73006,,,,
1416299557.56789,pg_catalog,pg_inherits,0,0,1296,0,0,0,0,0,0,0,0,0,639,657,,,,
1416299557.56789,pg_toast,pg_toast_2606,0,0,0,0,0,0,0,0,0,0,0,0,0,0,,,,
1416299557.56789,public,orders,16,150090000,4747393,12736579,15015000,0,0,0,15015000,0,1812608,7483628,106962,14318614,,,,
1416299557.56789,pg_toast,pg_toast_2964,0,0,0,0,0,0,0,0,0,0,0,0,0,0,,,,
1416299557.56789,pg_catalog,pg_database,10781,42410,239274,239272,1,0,0,0,1,0,8161,241893,36926,324373,,,,
1416299557.56789,pg_toast,pg_toast_2620,0,0,0,0,0,0,0,0,0,0,0,0,0,0,,,,
1416299557.56789,pg_toast,pg_toast_12213,0,0,0,0,0,0,0,0,0,0,0,0,0,0,,,,
1416299557.56789,pg_catalog,pg_amproc,838,1676,218286,324575,0,0,0,0,0,0,9963,205278,26737,467417,,,,
1416299557.56789,pg_catalog,pg_collation,0,0,0,0,0,0,0,0,0,0,0,0,0,0,,,,
1416299557.56789,pg_catalog,pg_constraint,0,0,488,240,248,0,240,0,10,16,138,1383,250,2478,0,0,0,0
1416299557.56789,pg_catalog,pg_range,0,0,9142,0,0,0,0,0,0,0,0,0,7549,10735,,,,
1416299557.56789,public,region,6419,32070,16,16,5,0,0,0,5,0,4,6428,8,14,,,,
1416299557.56789,pg_catalog,pg_user_mapping,0,0,0,0,0,0,0,0,0,0,0,0,0,0,,,,
1416299557.56789,pg_catalog,pg_largeobject,0,0,0,0,0,0,0,0,0,0,0,0,0,0,,,,
1416299557.56789,pg_catalog,pg_namespace,8109,245524,643281,589190,40,0,0,0,40,0,6828,590572,18381,686623,,,,
1416299557.56789,pg_catalog,pg_authid,4062,4062,108826,108826,0,0,0,0,0,0,7016,105872,26110,191542,,,,
1416299557.56789,pg_toast,pg_toast_12193,0,0,0,0,0,0,0,0,0,0,0,0,0,0,,,,
1416299557.56789,pg_catalog,pg_index,18317,2110348,490696,700905,1187,0,1159,0,138,35,30393,700958,28582,558506,,,,
1416299557.56789,pg_catalog,pg_ts_dict,0,0,0,0,0,0,0,0,0,0,0,0,0,0,,,,
1416299557.56789,information_schema,sql_features,0,0,,,0,0,0,0,0,0,0,0,,,0,0,0,0
1416299557.56789,pg_catalog,pg_class,45383,11241396,1950609,1875222,2493,667,2455,646,326,73,74834,2243371,61204,3945986,,,,
1416299557.56789,pg_toast,pg_toast_12183,0,0,0,0,0,0,0,0,0,0,0,0,0,0,,,,
1416299557.56789,information_schema,sql_sizing_profiles,0,0,,,0,0,0,0,0,0,0,0,,,0,0,0,0
1416299557.56789,pg_toast,pg_toast_2396,0,0,0,0,0,0,0,0,0,0,0,0,0,0,,,,
1416299557.56789,pg_catalog,pg_enum,0,0,0,0,0,0,0,0,0,0,0,0,0,0,,,,
1416299557.56789,pg_catalog,pg_db_role_setting,0,0,183213,0,0,0,0,0,0,0,0,0,8036,175177,0,0,0,0
1416299557.56789,pg_catalog,pg_seclabel,0,0,5923,0,0,0,0,0,0,0,0,0,643,5280,0,0,0,0
1416299557.56789,pg_toast,pg_toast_2609,0,0,0,0,0,0,0,0,0,0,0,0,0,0,,,,
1416299557.56789,pg_toast,pg_toast_1255,0,0,0,0,0,0,0,0,0,0,0,0,0,0,,,,
1416299557.56789,pg_catalog,pg_rewrite,0,0,30948,28947,667,0,667,0,106,56,13407,20834,5709,47239,10928,16109,4165,19141
1416299557.56789,pg_catalog,pg_ts_config,0,0,0,0,0,0,0,0,0,0,0,0,0,0,,,,
1416299557.56789,pg_catalog,pg_extension,0,0,0,0,0,0,0,0,0,0,0,0,0,0,,,,
1416299557.56789,pg_catalog,pg_amop,0,0,449760,632632,0,0,0,0,0,0,20956,611676,35869,933957,,,,
1416299557.56789,pg_catalog,pg_cast,0,0,1476908,396293,0,0,0,0,0,0,9135,387158,11567,1517995,,,,
1416299557.56789,public,part,10,16000000,78,2367352,2000000,0,0,0,2000000,0,182719,426528,7895,713,,,,
1416299557.56789,pg_toast,pg_toast_2619,0,0,78765,259290,3739,0,3488,0,267,6,22854,107106,2277,160379,,,,
1416299557.56789,pg_toast,pg_toast_2604,0,0,0,0,0,0,0,0,0,0,0,0,0,0,,,,
